"Area Integer","Permimeter Real","Major Axis","Minor Axis","EccentricityReal","Convex Area","Extent Real","class"
7,7,6,2,6,6,2,"Cammeo"
6,7,5,3,5,6,3,"Cammeo"
6,7,6,2,6,6,3,"Cammeo"
5,4,4,2,5,4,3,"Cammeo"
6,7,6,3,6,6,3,"Cammeo"
5,6,5,2,6,5,3,"Cammeo"
7,7,6,4,3,6,3,"Cammeo"
7,7,6,4,6,6,3,"Cammeo"
6,6,4,4,2,6,3,"Cammeo"
5,5,4,2,5,5,2,"Cammeo"
6,7,6,3,6,6,3,"Cammeo"
6,7,5,3,4,6,2,"Cammeo"
7,7,6,3,6,6,3,"Cammeo"
6,6,5,3,4,6,3,"Cammeo"
5,6,5,2,6,5,3,"Cammeo"
6,7,6,2,6,6,3,"Cammeo"
7,7,6,3,6,6,2,"Cammeo"
7,7,6,3,5,6,3,"Cammeo"
5,6,6,2,6,5,3,"Cammeo"
5,6,4,3,4,5,3,"Cammeo"
6,6,5,2,6,5,2,"Cammeo"
6,6,5,3,5,6,3,"Cammeo"
5,6,5,2,6,5,3,"Cammeo"
6,7,5,4,4,6,3,"Cammeo"
6,7,6,3,6,6,2,"Cammeo"
5,5,4,2,6,5,3,"Cammeo"
7,7,6,4,5,6,3,"Cammeo"
5,5,5,2,6,5,3,"Cammeo"
5,6,5,2,6,5,3,"Cammeo"
6,7,5,4,3,6,3,"Cammeo"
5,5,4,2,5,5,2,"Cammeo"
5,6,5,2,6,5,3,"Cammeo"
7,7,5,4,2,6,3,"Cammeo"
3,4,4,1,6,3,3,"Cammeo"
6,6,5,3,4,6,3,"Cammeo"
6,6,4,3,2,6,3,"Cammeo"
6,6,5,3,5,6,3,"Cammeo"
6,6,6,3,5,6,3,"Cammeo"
6,6,5,3,3,6,3,"Cammeo"
5,7,6,1,6,5,1,"Cammeo"
4,5,4,2,6,4,2,"Cammeo"
4,6,6,1,6,5,3,"Cammeo"
6,7,6,2,6,6,3,"Cammeo"
6,6,3,3,2,6,3,"Cammeo"
6,6,5,2,6,5,1,"Cammeo"
5,6,5,2,6,5,3,"Cammeo"
4,4,4,2,5,4,3,"Cammeo"
7,7,6,4,5,6,3,"Cammeo"
7,7,6,3,6,6,3,"Cammeo"
6,7,6,3,5,6,3,"Cammeo"
7,7,6,4,5,6,3,"Cammeo"
7,7,5,4,2,6,3,"Cammeo"
6,6,6,2,6,6,2,"Cammeo"
7,7,6,2,6,6,1,"Cammeo"
4,6,5,2,6,4,3,"Cammeo"
7,7,6,3,6,6,3,"Cammeo"
4,5,4,2,6,5,3,"Cammeo"
5,6,5,2,6,5,1,"Cammeo"
7,7,6,3,6,6,3,"Cammeo"
6,6,5,3,5,6,3,"Cammeo"
6,6,5,3,5,5,3,"Cammeo"
3,3,4,1,6,3,3,"Cammeo"
7,7,6,3,6,6,3,"Cammeo"
6,6,6,2,6,6,3,"Cammeo"
7,7,6,4,5,6,2,"Cammeo"
7,7,6,3,6,6,1,"Cammeo"
7,7,6,4,6,6,1,"Cammeo"
5,6,6,2,6,5,3,"Cammeo"
6,7,6,2,6,6,3,"Cammeo"
2,2,1,2,3,2,3,"Cammeo"
7,7,6,4,2,6,3,"Cammeo"
6,6,4,3,4,6,3,"Cammeo"
7,7,6,3,6,6,3,"Cammeo"
3,5,5,1,6,3,1,"Cammeo"
7,7,6,4,4,6,2,"Cammeo"
7,7,6,3,6,6,2,"Cammeo"
6,6,5,3,5,5,3,"Cammeo"
6,7,6,3,5,6,3,"Cammeo"
6,7,6,3,4,6,3,"Cammeo"
7,7,6,4,3,6,3,"Cammeo"
7,7,6,4,5,6,3,"Cammeo"
5,7,6,2,6,5,3,"Cammeo"
3,3,2,2,3,3,3,"Cammeo"
5,6,5,2,6,5,2,"Cammeo"
3,6,5,1,6,3,3,"Cammeo"
5,6,6,1,6,5,3,"Cammeo"
7,7,6,3,6,6,3,"Cammeo"
6,6,6,2,6,6,3,"Cammeo"
6,7,6,3,6,6,3,"Cammeo"
6,6,5,3,5,6,3,"Cammeo"
3,4,4,1,6,3,3,"Cammeo"
4,6,5,1,6,4,3,"Cammeo"
7,7,6,4,3,6,3,"Cammeo"
6,6,5,3,4,6,3,"Cammeo"
6,6,5,3,6,6,3,"Cammeo"
5,6,6,2,6,5,3,"Cammeo"
5,7,6,1,6,5,1,"Cammeo"
4,6,5,1,6,4,1,"Cammeo"
5,4,2,3,3,5,3,"Cammeo"
6,7,6,2,6,6,3,"Cammeo"
7,7,6,3,5,6,2,"Cammeo"
3,4,2,2,4,3,3,"Cammeo"
6,7,6,2,6,6,1,"Cammeo"
3,4,4,1,6,3,1,"Cammeo"
5,5,5,2,6,5,3,"Cammeo"
7,7,6,3,5,6,2,"Cammeo"
6,6,5,2,6,5,2,"Cammeo"
5,6,5,2,6,5,1,"Cammeo"
7,7,6,4,3,6,3,"Cammeo"
5,6,5,2,6,5,1,"Cammeo"
6,6,5,3,6,6,3,"Cammeo"
3,3,2,2,3,3,3,"Cammeo"
4,5,4,2,5,4,3,"Cammeo"
6,7,6,3,6,6,3,"Cammeo"
6,7,6,3,6,6,3,"Cammeo"
7,7,6,3,4,6,2,"Cammeo"
3,5,5,1,6,3,1,"Cammeo"
5,6,5,2,6,5,3,"Cammeo"
6,6,5,3,6,6,3,"Cammeo"
3,2,2,2,5,3,2,"Cammeo"
1,1,1,1,6,1,2,"Cammeo"
6,7,6,2,6,6,3,"Cammeo"
4,4,4,2,6,3,3,"Cammeo"
7,7,6,3,4,6,2,"Cammeo"
4,6,5,2,6,4,3,"Cammeo"
7,7,5,4,2,6,3,"Cammeo"
6,6,5,4,3,6,3,"Cammeo"
7,7,6,4,3,6,3,"Cammeo"
7,7,6,3,6,6,3,"Cammeo"
5,7,6,2,6,6,2,"Cammeo"
6,6,5,3,5,6,2,"Cammeo"
2,3,4,1,6,2,1,"Cammeo"
7,7,6,3,5,6,2,"Cammeo"
5,5,4,2,5,5,2,"Cammeo"
5,6,5,2,6,5,1,"Cammeo"
6,4,2,4,1,6,3,"Cammeo"
7,7,6,3,6,6,3,"Cammeo"
5,6,5,2,6,5,1,"Cammeo"
4,6,5,2,6,5,1,"Cammeo"
7,7,6,3,6,6,3,"Cammeo"
6,6,6,2,6,6,1,"Cammeo"
6,6,5,3,5,6,3,"Cammeo"
7,7,6,3,6,6,1,"Cammeo"
7,7,6,3,5,6,3,"Cammeo"
6,6,5,3,3,6,3,"Cammeo"
7,7,6,4,3,6,3,"Cammeo"
5,5,4,3,3,5,3,"Cammeo"
6,7,6,2,6,6,2,"Cammeo"
3,3,3,1,6,3,3,"Cammeo"
3,3,2,2,4,3,3,"Cammeo"
6,6,6,2,6,6,1,"Cammeo"
7,7,6,3,6,6,3,"Cammeo"
4,5,4,2,5,4,3,"Cammeo"
6,7,6,3,5,6,3,"Cammeo"
7,7,6,4,4,6,3,"Cammeo"
7,7,6,3,6,6,1,"Cammeo"
6,6,5,3,5,6,2,"Cammeo"
6,6,5,2,6,5,3,"Cammeo"
6,6,5,3,5,6,3,"Cammeo"
5,6,5,2,6,5,3,"Cammeo"
6,7,6,2,6,6,3,"Cammeo"
7,7,6,4,6,6,3,"Cammeo"
7,7,6,3,6,6,3,"Cammeo"
6,7,6,3,6,6,1,"Cammeo"
5,6,5,2,6,5,3,"Cammeo"
7,7,6,3,6,6,3,"Cammeo"
5,6,6,2,6,5,3,"Cammeo"
7,7,6,3,6,6,3,"Cammeo"
6,5,4,3,3,6,3,"Cammeo"
6,7,6,2,6,6,2,"Cammeo"
6,7,6,3,6,6,3,"Cammeo"
7,7,6,3,6,6,3,"Cammeo"
7,7,6,4,6,6,2,"Cammeo"
7,7,6,4,6,6,3,"Cammeo"
6,6,5,3,5,6,3,"Cammeo"
7,7,6,3,6,6,3,"Cammeo"
6,6,5,3,4,6,3,"Cammeo"
4,4,4,2,6,4,3,"Cammeo"
6,6,4,3,2,6,3,"Cammeo"
7,7,6,3,6,6,2,"Cammeo"
4,4,4,2,5,4,2,"Cammeo"
6,7,6,3,6,6,3,"Cammeo"
6,7,6,3,5,6,3,"Cammeo"
5,6,5,2,5,5,3,"Cammeo"
7,7,6,3,6,6,2,"Cammeo"
4,4,4,2,6,4,2,"Cammeo"
5,6,4,2,5,5,3,"Cammeo"
7,7,6,3,4,6,3,"Cammeo"
5,5,2,3,2,5,3,"Cammeo"
6,6,5,3,5,6,3,"Cammeo"
6,7,6,2,6,6,1,"Cammeo"
7,7,6,3,6,6,3,"Cammeo"
6,6,6,2,6,6,3,"Cammeo"
5,6,6,2,6,5,2,"Cammeo"
6,7,6,2,6,6,1,"Cammeo"
6,7,6,3,6,6,1,"Cammeo"
6,6,5,3,5,6,2,"Cammeo"
7,7,6,3,6,6,3,"Cammeo"
7,7,6,3,6,6,2,"Cammeo"
7,7,6,3,6,6,3,"Cammeo"
6,6,5,3,3,6,3,"Cammeo"
6,7,6,3,6,6,3,"Cammeo"
6,6,6,2,6,6,3,"Cammeo"
2,2,2,1,6,2,3,"Cammeo"
6,7,6,3,6,6,3,"Cammeo"
6,7,5,3,5,6,3,"Cammeo"
3,4,3,1,6,3,3,"Cammeo"
7,7,6,3,6,6,2,"Cammeo"
6,6,5,2,5,6,3,"Cammeo"
6,6,4,3,3,6,3,"Cammeo"
6,6,5,3,4,6,2,"Cammeo"
7,7,6,4,5,6,2,"Cammeo"
6,7,5,3,4,6,2,"Cammeo"
7,7,6,3,6,6,2,"Cammeo"
6,6,3,4,1,6,3,"Cammeo"
6,6,5,3,5,6,3,"Cammeo"
6,6,6,2,6,6,1,"Cammeo"
7,7,6,4,4,6,3,"Cammeo"
2,3,2,1,6,2,3,"Cammeo"
6,7,6,3,4,6,3,"Cammeo"
5,6,5,2,6,5,3,"Cammeo"
6,7,6,2,6,6,3,"Cammeo"
5,6,6,2,6,5,1,"Cammeo"
6,7,6,2,6,6,3,"Cammeo"
6,6,5,3,4,6,3,"Cammeo"
5,6,5,2,6,6,2,"Cammeo"
6,7,5,3,5,6,2,"Cammeo"
6,6,5,3,4,6,3,"Cammeo"
7,7,6,3,6,6,1,"Cammeo"
6,6,6,3,6,6,2,"Cammeo"
7,7,6,4,5,6,3,"Cammeo"
6,7,6,2,6,6,3,"Cammeo"
6,6,4,3,2,6,3,"Cammeo"
6,7,6,3,5,6,3,"Cammeo"
6,6,5,2,6,6,3,"Cammeo"
7,7,6,4,5,6,2,"Cammeo"
6,7,5,3,5,6,2,"Cammeo"
7,7,6,3,5,6,3,"Cammeo"
6,7,6,3,6,6,3,"Cammeo"
6,6,5,3,3,6,3,"Cammeo"
7,7,6,3,5,6,2,"Cammeo"
6,6,5,3,5,6,3,"Cammeo"
7,7,6,3,6,6,2,"Cammeo"
6,7,6,3,6,6,3,"Cammeo"
7,7,6,3,6,6,3,"Cammeo"
6,6,5,3,5,6,3,"Cammeo"
6,7,5,3,5,6,3,"Cammeo"
7,7,6,4,5,6,3,"Cammeo"
5,6,5,2,6,5,3,"Cammeo"
6,7,6,3,6,6,2,"Cammeo"
6,7,6,2,6,6,1,"Cammeo"
6,6,5,3,4,6,2,"Cammeo"
7,7,6,3,6,6,3,"Cammeo"
6,6,5,3,3,6,3,"Cammeo"
6,7,6,2,6,6,3,"Cammeo"
6,7,6,3,6,6,1,"Cammeo"
6,6,5,3,3,6,3,"Cammeo"
4,6,5,2,6,4,2,"Cammeo"
7,7,6,4,5,6,3,"Cammeo"
7,7,6,3,5,6,3,"Cammeo"
7,7,6,3,6,6,3,"Cammeo"
6,7,6,2,6,6,3,"Cammeo"
6,7,6,3,5,6,3,"Cammeo"
7,7,6,3,5,6,3,"Cammeo"
7,7,6,3,5,6,2,"Cammeo"
6,7,5,4,2,6,3,"Cammeo"
6,7,6,2,6,6,1,"Cammeo"
6,6,5,3,5,6,3,"Cammeo"
6,7,6,3,6,6,2,"Cammeo"
6,6,4,3,2,6,3,"Cammeo"
6,7,6,2,6,6,3,"Cammeo"
6,7,6,2,6,6,3,"Cammeo"
6,7,6,3,5,6,3,"Cammeo"
6,5,2,4,1,6,3,"Cammeo"
3,2,2,2,3,3,3,"Cammeo"
7,7,6,3,6,6,1,"Cammeo"
5,5,3,3,2,5,3,"Cammeo"
7,7,6,4,1,6,3,"Cammeo"
6,7,6,3,6,6,1,"Cammeo"
7,7,6,4,4,6,3,"Cammeo"
6,7,6,3,6,6,2,"Cammeo"
7,7,6,4,6,6,3,"Cammeo"
7,7,6,4,3,6,3,"Cammeo"
6,6,4,4,1,6,3,"Cammeo"
7,7,6,3,6,6,3,"Cammeo"
6,7,6,2,6,6,1,"Cammeo"
7,7,6,4,4,6,3,"Cammeo"
6,6,6,2,6,6,3,"Cammeo"
3,5,5,1,6,3,3,"Cammeo"
5,6,4,3,4,5,3,"Cammeo"
6,7,6,3,6,6,3,"Cammeo"
6,6,6,3,6,6,3,"Cammeo"
5,4,2,3,1,5,3,"Cammeo"
3,4,4,1,6,3,3,"Cammeo"
5,5,4,3,3,5,3,"Cammeo"
6,6,4,4,2,6,3,"Cammeo"
3,2,1,3,1,3,3,"Cammeo"
7,7,6,4,2,6,3,"Cammeo"
3,2,2,1,5,3,3,"Cammeo"
7,7,6,4,3,6,3,"Cammeo"
7,7,6,3,5,6,3,"Cammeo"
6,7,6,3,6,6,3,"Cammeo"
7,7,6,4,3,6,3,"Cammeo"
7,7,6,3,4,6,3,"Cammeo"
7,7,6,4,5,6,3,"Cammeo"
7,7,6,3,6,6,3,"Cammeo"
2,3,2,1,6,2,1,"Cammeo"
7,7,6,4,2,6,3,"Cammeo"
3,2,2,2,4,2,3,"Cammeo"
7,6,4,4,1,6,3,"Cammeo"
6,7,6,3,6,6,3,"Cammeo"
7,7,6,4,3,6,3,"Cammeo"
5,6,5,2,6,5,3,"Cammeo"
3,4,4,2,6,3,2,"Cammeo"
5,6,4,2,6,5,3,"Cammeo"
7,7,6,3,6,6,1,"Cammeo"
4,6,4,2,5,5,3,"Cammeo"
7,7,6,3,5,6,3,"Cammeo"
5,5,3,3,3,5,3,"Cammeo"
7,7,6,4,4,6,2,"Cammeo"
4,3,2,2,3,4,3,"Cammeo"
6,6,4,4,1,6,3,"Cammeo"
6,6,6,3,6,6,3,"Cammeo"
6,6,4,4,1,6,3,"Cammeo"
5,6,6,1,6,5,1,"Cammeo"
6,7,6,2,6,6,2,"Cammeo"
7,7,6,4,5,6,3,"Cammeo"
3,2,2,2,4,3,3,"Cammeo"
6,7,6,2,6,6,3,"Cammeo"
5,6,6,2,6,5,1,"Cammeo"
7,7,6,3,5,6,3,"Cammeo"
4,5,5,1,6,4,3,"Cammeo"
6,6,6,3,6,6,3,"Cammeo"
5,6,5,2,6,5,3,"Cammeo"
5,6,6,1,6,5,3,"Cammeo"
4,5,4,2,6,4,3,"Cammeo"
7,7,6,3,6,6,3,"Cammeo"
7,7,6,4,5,6,3,"Cammeo"
6,7,6,3,5,6,3,"Cammeo"
5,6,5,2,6,5,1,"Cammeo"
7,7,6,3,5,6,3,"Cammeo"
6,6,6,2,6,6,3,"Cammeo"
7,7,6,4,2,6,3,"Cammeo"
6,7,6,3,6,6,3,"Cammeo"
7,7,6,3,6,6,3,"Cammeo"
5,6,4,3,4,5,3,"Cammeo"
5,6,4,2,5,5,2,"Cammeo"
7,7,6,3,5,6,3,"Cammeo"
6,7,5,4,4,6,2,"Cammeo"
7,7,6,3,5,6,3,"Cammeo"
6,7,6,2,6,6,3,"Cammeo"
6,6,5,4,3,6,2,"Cammeo"
6,6,4,4,2,6,3,"Cammeo"
6,7,6,3,6,6,3,"Cammeo"
7,7,6,3,6,6,3,"Cammeo"
6,7,6,3,5,6,2,"Cammeo"
3,3,2,2,3,3,3,"Cammeo"
7,7,6,4,5,6,3,"Cammeo"
6,7,6,2,6,6,3,"Cammeo"
6,7,5,4,4,6,3,"Cammeo"
7,7,6,4,4,6,3,"Cammeo"
5,5,4,2,5,5,2,"Cammeo"
7,7,6,4,5,6,3,"Cammeo"
6,6,6,2,6,6,1,"Cammeo"
5,6,5,2,5,5,3,"Cammeo"
6,7,6,3,5,6,2,"Cammeo"
6,6,5,4,2,6,3,"Cammeo"
7,7,6,4,3,6,3,"Cammeo"
6,7,6,3,6,6,2,"Cammeo"
6,7,6,2,6,6,2,"Cammeo"
7,7,6,3,5,6,2,"Cammeo"
6,7,6,3,6,6,2,"Cammeo"
5,5,5,2,6,5,2,"Cammeo"
6,6,5,3,3,6,3,"Cammeo"
7,7,6,3,6,6,1,"Cammeo"
6,7,6,2,6,6,1,"Cammeo"
3,6,6,1,6,3,1,"Cammeo"
5,6,5,3,5,6,3,"Cammeo"
4,6,4,2,5,4,3,"Cammeo"
5,6,5,2,6,5,2,"Cammeo"
6,7,6,3,6,6,3,"Cammeo"
6,7,5,3,5,6,3,"Cammeo"
5,6,4,3,3,5,2,"Cammeo"
6,7,6,3,6,6,3,"Cammeo"
6,7,6,3,6,6,1,"Cammeo"
7,7,6,3,5,6,3,"Cammeo"
5,6,5,2,6,5,2,"Cammeo"
5,6,5,2,6,5,3,"Cammeo"
6,6,6,3,6,6,3,"Cammeo"
4,6,6,1,6,4,3,"Cammeo"
6,6,4,3,3,6,2,"Cammeo"
5,6,5,2,6,5,3,"Cammeo"
4,4,4,2,5,4,3,"Cammeo"
4,4,4,2,5,4,3,"Cammeo"
7,7,6,3,6,6,2,"Cammeo"
7,7,6,4,3,6,3,"Cammeo"
1,2,2,1,6,1,3,"Cammeo"
5,6,4,3,4,5,3,"Cammeo"
7,7,6,3,5,6,3,"Cammeo"
5,5,4,3,4,5,3,"Cammeo"
6,6,6,2,6,6,3,"Cammeo"
7,7,6,4,5,6,3,"Cammeo"
7,7,5,4,2,6,3,"Cammeo"
7,7,6,4,5,6,2,"Cammeo"
7,7,6,3,6,6,3,"Cammeo"
5,5,4,2,5,5,3,"Cammeo"
6,7,6,3,6,6,3,"Cammeo"
5,6,4,2,5,5,3,"Cammeo"
4,6,5,1,6,4,3,"Cammeo"
6,7,6,3,6,6,2,"Cammeo"
6,7,6,2,6,6,1,"Cammeo"
3,3,2,1,6,3,2,"Cammeo"
3,3,3,2,5,3,2,"Cammeo"
6,6,6,2,6,5,3,"Cammeo"
6,7,6,2,6,6,2,"Cammeo"
5,6,4,2,5,5,3,"Cammeo"
6,7,6,3,6,6,2,"Cammeo"
4,6,5,2,6,5,3,"Cammeo"
7,7,6,4,6,6,3,"Cammeo"
5,6,5,2,5,5,2,"Cammeo"
7,7,6,4,5,6,3,"Cammeo"
4,4,4,2,6,3,3,"Cammeo"
3,5,5,1,6,3,1,"Cammeo"
7,7,6,4,5,6,3,"Cammeo"
4,3,2,3,2,4,3,"Cammeo"
5,6,5,3,5,6,3,"Cammeo"
6,7,6,3,5,6,3,"Cammeo"
7,7,6,3,6,6,1,"Cammeo"
6,6,5,4,2,6,3,"Cammeo"
6,7,6,3,6,6,3,"Cammeo"
6,7,6,3,5,6,3,"Cammeo"
6,7,6,3,6,6,2,"Cammeo"
7,7,6,2,6,6,3,"Cammeo"
6,7,6,3,5,6,3,"Cammeo"
6,6,5,2,6,6,3,"Cammeo"
3,4,4,1,6,3,3,"Cammeo"
7,7,6,3,6,6,3,"Cammeo"
3,4,4,1,6,3,2,"Cammeo"
7,7,6,3,6,6,3,"Cammeo"
6,6,5,2,6,6,3,"Cammeo"
7,7,6,4,5,6,2,"Cammeo"
7,7,6,4,4,6,3,"Cammeo"
3,6,6,1,6,3,2,"Cammeo"
5,6,6,2,6,5,3,"Cammeo"
6,6,5,3,5,5,2,"Cammeo"
5,6,5,2,5,5,3,"Cammeo"
2,3,3,1,6,2,1,"Cammeo"
7,7,6,3,6,6,3,"Cammeo"
6,6,5,3,5,6,3,"Cammeo"
5,6,6,1,6,5,3,"Cammeo"
6,7,6,2,6,6,3,"Cammeo"
5,6,6,1,6,5,1,"Cammeo"
4,5,5,1,6,4,3,"Cammeo"
6,7,6,3,6,6,3,"Cammeo"
6,6,4,3,4,5,3,"Cammeo"
6,6,5,3,5,6,2,"Cammeo"
6,6,4,3,3,6,3,"Cammeo"
6,6,5,3,5,6,3,"Cammeo"
5,6,6,2,6,5,3,"Cammeo"
3,4,4,1,6,3,3,"Cammeo"
4,5,4,2,5,4,3,"Cammeo"
4,5,4,2,6,4,2,"Cammeo"
5,6,5,2,6,5,3,"Cammeo"
5,6,5,2,6,5,3,"Cammeo"
7,7,6,4,5,6,2,"Cammeo"
7,7,6,4,5,6,3,"Cammeo"
7,7,6,4,4,6,2,"Cammeo"
6,7,6,2,6,6,3,"Cammeo"
4,4,4,2,5,4,3,"Cammeo"
6,7,6,2,6,6,3,"Cammeo"
6,7,6,3,6,6,2,"Cammeo"
6,7,6,2,6,6,1,"Cammeo"
7,7,6,4,5,6,3,"Cammeo"
3,4,3,1,6,3,3,"Cammeo"
5,6,6,1,6,5,3,"Cammeo"
4,6,6,1,6,4,2,"Cammeo"
5,5,4,2,5,5,3,"Cammeo"
3,5,4,1,6,3,2,"Cammeo"
4,4,4,2,5,4,3,"Cammeo"
6,6,6,2,6,6,2,"Cammeo"
3,5,4,1,6,3,3,"Cammeo"
4,5,4,2,6,4,3,"Cammeo"
5,6,6,2,6,5,2,"Cammeo"
6,7,5,4,3,6,3,"Cammeo"
6,7,6,2,6,6,3,"Cammeo"
6,5,2,4,1,6,3,"Cammeo"
7,7,6,4,5,6,3,"Cammeo"
6,7,6,2,6,6,2,"Cammeo"
6,6,5,3,5,6,3,"Cammeo"
7,7,6,3,5,6,3,"Cammeo"
6,7,6,2,6,6,3,"Cammeo"
4,4,4,2,6,3,2,"Cammeo"
4,4,2,3,2,4,3,"Cammeo"
6,7,5,3,5,6,3,"Cammeo"
5,6,5,2,5,5,2,"Cammeo"
5,5,5,2,5,5,2,"Cammeo"
2,3,4,1,6,2,2,"Cammeo"
5,6,5,2,6,5,2,"Cammeo"
6,6,5,2,6,6,3,"Cammeo"
5,6,5,2,5,5,3,"Cammeo"
5,6,5,2,5,5,3,"Cammeo"
6,6,5,3,5,6,3,"Cammeo"
7,7,6,3,6,6,3,"Cammeo"
7,7,6,3,6,6,2,"Cammeo"
6,6,5,3,5,6,3,"Cammeo"
6,7,6,3,5,6,3,"Cammeo"
7,7,6,3,5,6,3,"Cammeo"
7,7,6,3,5,6,3,"Cammeo"
4,5,4,2,6,4,2,"Cammeo"
6,6,5,3,5,6,3,"Cammeo"
4,6,6,1,6,4,3,"Cammeo"
7,7,6,3,6,6,3,"Cammeo"
6,6,4,4,2,6,3,"Cammeo"
6,6,5,3,5,6,3,"Cammeo"
3,3,2,2,5,3,3,"Cammeo"
5,6,4,3,5,5,3,"Cammeo"
2,4,4,1,6,2,3,"Cammeo"
7,7,6,3,6,6,3,"Cammeo"
3,4,2,2,5,3,3,"Cammeo"
6,7,6,3,5,6,2,"Cammeo"
3,4,4,1,6,3,3,"Cammeo"
2,2,2,1,5,2,3,"Cammeo"
2,3,2,1,6,2,2,"Cammeo"
5,5,4,3,4,5,2,"Cammeo"
7,7,6,4,5,6,3,"Cammeo"
7,7,6,4,4,6,3,"Cammeo"
7,7,6,3,5,6,3,"Cammeo"
4,5,4,2,5,4,2,"Cammeo"
5,5,4,2,6,5,3,"Cammeo"
6,6,6,3,6,6,3,"Cammeo"
6,6,5,3,5,6,1,"Cammeo"
6,6,5,3,5,6,3,"Cammeo"
7,7,6,3,6,6,2,"Cammeo"
7,7,6,3,6,6,3,"Cammeo"
7,7,6,3,6,6,1,"Cammeo"
5,5,5,2,6,5,3,"Cammeo"
3,4,4,1,6,3,3,"Cammeo"
5,4,3,2,4,4,3,"Cammeo"
6,7,6,2,6,6,1,"Cammeo"
6,7,6,2,6,6,3,"Cammeo"
7,7,6,4,2,6,3,"Cammeo"
7,7,6,3,6,6,3,"Cammeo"
3,3,3,1,6,3,3,"Cammeo"
3,4,2,2,4,3,3,"Cammeo"
4,5,4,2,6,4,3,"Cammeo"
6,5,4,3,3,5,3,"Cammeo"
6,7,6,3,5,6,2,"Cammeo"
5,4,4,2,5,5,3,"Cammeo"
6,6,5,3,5,5,2,"Cammeo"
7,7,6,3,6,6,3,"Cammeo"
6,6,5,3,5,6,2,"Cammeo"
5,6,4,3,5,5,2,"Cammeo"
6,7,6,3,5,6,3,"Cammeo"
4,4,3,2,5,4,3,"Cammeo"
6,7,6,3,5,6,2,"Cammeo"
6,7,6,2,6,6,3,"Cammeo"
7,7,6,4,5,6,3,"Cammeo"
3,4,4,2,6,4,2,"Cammeo"
6,6,5,2,6,6,3,"Cammeo"
7,7,5,4,2,6,3,"Cammeo"
6,7,6,2,6,6,1,"Cammeo"
6,7,6,3,6,6,2,"Cammeo"
6,6,4,3,4,6,3,"Cammeo"
7,7,6,4,4,6,3,"Cammeo"
6,7,6,3,6,6,3,"Cammeo"
6,7,6,3,6,6,3,"Cammeo"
5,6,5,2,6,5,3,"Cammeo"
6,6,4,4,2,6,3,"Cammeo"
3,3,2,2,5,3,3,"Cammeo"
6,7,6,3,5,6,2,"Cammeo"
5,6,4,3,4,5,2,"Cammeo"
5,7,6,2,6,5,1,"Cammeo"
4,6,6,1,6,5,3,"Cammeo"
7,7,6,4,5,6,3,"Cammeo"
4,5,4,2,6,5,3,"Cammeo"
4,4,2,2,4,4,3,"Cammeo"
5,6,6,1,6,4,3,"Cammeo"
6,7,6,1,6,5,1,"Cammeo"
6,6,5,2,6,6,3,"Cammeo"
7,7,6,4,5,6,2,"Cammeo"
6,7,6,2,6,6,2,"Cammeo"
6,6,5,3,3,6,3,"Cammeo"
7,7,6,3,5,6,3,"Cammeo"
6,7,6,3,5,6,2,"Cammeo"
6,7,5,3,5,6,3,"Cammeo"
7,7,6,4,5,6,3,"Cammeo"
7,7,6,3,6,6,2,"Cammeo"
6,6,5,3,5,6,3,"Cammeo"
7,7,6,3,6,6,3,"Cammeo"
6,7,6,2,6,6,1,"Cammeo"
7,7,6,4,5,6,3,"Cammeo"
6,7,6,2,6,6,1,"Cammeo"
6,6,5,3,5,6,3,"Cammeo"
6,7,6,2,6,6,1,"Cammeo"
6,5,4,3,3,5,3,"Cammeo"
7,7,6,3,6,6,3,"Cammeo"
5,6,4,3,4,6,3,"Cammeo"
6,7,6,3,5,6,1,"Cammeo"
7,7,6,4,5,6,3,"Cammeo"
7,7,6,4,4,6,3,"Cammeo"
7,7,6,4,2,6,3,"Cammeo"
5,5,3,3,2,5,3,"Cammeo"
6,6,5,2,6,6,3,"Cammeo"
7,7,6,3,6,6,1,"Cammeo"
6,6,6,2,6,6,1,"Cammeo"
6,7,6,3,6,6,3,"Cammeo"
4,6,5,2,6,5,3,"Cammeo"
7,7,6,3,6,6,2,"Cammeo"
7,7,6,3,6,6,2,"Cammeo"
6,7,6,3,6,6,3,"Cammeo"
6,7,6,3,6,6,3,"Cammeo"
5,5,4,3,5,5,3,"Cammeo"
5,6,6,2,6,5,1,"Cammeo"
5,6,5,2,6,5,2,"Cammeo"
6,6,5,3,5,6,3,"Cammeo"
6,6,5,3,5,6,3,"Cammeo"
5,5,4,2,5,5,3,"Cammeo"
6,6,5,3,4,6,3,"Cammeo"
6,7,6,3,6,6,3,"Cammeo"
6,7,6,2,6,6,1,"Cammeo"
3,3,2,2,5,3,3,"Cammeo"
6,7,6,2,6,6,3,"Cammeo"
6,7,6,2,6,6,1,"Cammeo"
6,7,6,3,6,6,3,"Cammeo"
6,7,6,3,5,6,3,"Cammeo"
7,7,6,4,3,6,3,"Cammeo"
5,6,5,2,6,5,2,"Cammeo"
6,7,6,2,6,6,1,"Cammeo"
3,5,4,1,6,3,2,"Cammeo"
7,7,5,4,3,6,3,"Cammeo"
7,7,4,4,1,6,3,"Cammeo"
7,7,6,4,3,6,3,"Cammeo"
3,2,2,2,2,3,3,"Cammeo"
4,5,4,2,5,3,3,"Cammeo"
6,6,5,3,5,6,3,"Cammeo"
7,7,6,3,6,6,3,"Cammeo"
6,7,6,3,5,6,2,"Cammeo"
6,7,6,3,6,6,3,"Cammeo"
7,7,5,4,2,6,3,"Cammeo"
6,6,5,3,5,6,3,"Cammeo"
6,6,4,3,3,6,3,"Cammeo"
6,7,5,4,3,6,3,"Cammeo"
6,7,6,2,6,6,1,"Cammeo"
5,6,4,3,5,5,3,"Cammeo"
7,7,6,4,5,6,3,"Cammeo"
7,7,6,3,6,6,3,"Cammeo"
7,7,6,3,6,6,3,"Cammeo"
7,7,6,4,4,6,2,"Cammeo"
3,5,5,1,6,4,1,"Cammeo"
5,6,5,2,6,5,2,"Cammeo"
4,4,2,2,4,4,3,"Cammeo"
5,5,2,3,3,5,3,"Cammeo"
6,6,3,4,1,6,3,"Cammeo"
7,7,6,4,4,6,3,"Cammeo"
6,7,6,2,6,6,3,"Cammeo"
5,6,5,3,5,5,2,"Cammeo"
6,6,6,2,6,5,2,"Cammeo"
7,7,6,3,5,6,3,"Cammeo"
6,6,4,3,2,6,3,"Cammeo"
7,7,6,3,6,6,1,"Cammeo"
6,6,5,3,3,6,3,"Cammeo"
7,7,6,4,4,6,3,"Cammeo"
6,6,6,2,6,6,3,"Cammeo"
5,5,4,2,5,5,3,"Cammeo"
6,6,4,3,4,6,3,"Cammeo"
6,6,4,4,1,6,3,"Cammeo"
6,6,5,3,5,6,3,"Cammeo"
6,6,4,3,4,6,3,"Cammeo"
3,4,4,2,6,3,3,"Cammeo"
6,7,6,2,6,6,1,"Cammeo"
6,7,6,3,6,6,1,"Cammeo"
5,6,4,2,5,5,3,"Cammeo"
6,7,6,2,6,6,3,"Cammeo"
6,7,5,3,5,6,3,"Cammeo"
6,6,6,3,5,6,3,"Cammeo"
5,6,5,2,6,5,3,"Cammeo"
7,7,6,4,4,6,3,"Cammeo"
7,7,6,4,5,6,3,"Cammeo"
5,6,6,2,6,5,3,"Cammeo"
6,7,6,3,6,6,3,"Cammeo"
7,7,6,3,5,6,3,"Cammeo"
6,6,5,3,3,6,3,"Cammeo"
7,7,6,3,6,6,3,"Cammeo"
5,5,4,2,4,5,3,"Cammeo"
4,4,2,3,3,4,3,"Cammeo"
2,3,4,1,6,2,1,"Cammeo"
5,5,5,2,6,5,3,"Cammeo"
7,7,6,3,5,6,3,"Cammeo"
5,6,5,2,5,5,2,"Cammeo"
6,6,5,4,3,6,3,"Cammeo"
7,7,6,4,5,6,3,"Cammeo"
7,7,6,3,6,6,3,"Cammeo"
6,7,6,3,5,6,2,"Cammeo"
5,7,6,2,6,5,2,"Cammeo"
5,4,2,3,1,5,3,"Cammeo"
6,6,6,2,6,6,1,"Cammeo"
6,6,4,4,1,6,3,"Cammeo"
7,7,6,4,5,6,2,"Cammeo"
7,7,6,3,6,6,3,"Cammeo"
7,7,6,3,5,6,3,"Cammeo"
6,6,5,2,6,6,3,"Cammeo"
4,6,5,1,6,4,3,"Cammeo"
6,7,6,3,6,6,1,"Cammeo"
7,7,6,3,6,6,3,"Cammeo"
5,6,5,2,6,5,3,"Cammeo"
7,7,5,4,2,6,3,"Cammeo"
6,6,5,3,5,6,3,"Cammeo"
7,7,5,4,3,6,3,"Cammeo"
6,6,6,2,6,6,3,"Cammeo"
6,7,6,2,6,6,3,"Cammeo"
6,7,6,3,6,6,3,"Cammeo"
6,7,6,3,4,6,3,"Cammeo"
3,2,2,2,3,3,3,"Cammeo"
7,7,6,3,6,6,3,"Cammeo"
6,6,5,3,5,6,3,"Cammeo"
7,6,5,4,1,6,3,"Cammeo"
7,7,6,3,6,6,1,"Cammeo"
7,7,6,3,5,6,3,"Cammeo"
6,6,6,3,6,6,3,"Cammeo"
5,6,5,2,6,5,2,"Cammeo"
7,7,6,4,5,6,3,"Cammeo"
6,7,6,2,6,6,3,"Cammeo"
6,6,5,2,5,5,3,"Cammeo"
4,4,2,2,4,4,3,"Cammeo"
7,7,6,4,5,6,3,"Cammeo"
7,7,6,4,5,6,3,"Cammeo"
7,7,6,4,3,6,3,"Cammeo"
7,7,6,3,6,6,1,"Cammeo"
7,7,6,2,6,6,2,"Cammeo"
7,7,6,3,6,6,3,"Cammeo"
6,7,6,2,6,6,2,"Cammeo"
6,6,5,3,4,6,3,"Cammeo"
6,6,6,2,6,5,3,"Cammeo"
3,4,4,1,6,3,3,"Cammeo"
6,7,6,2,6,5,2,"Cammeo"
4,5,5,2,6,4,3,"Cammeo"
5,5,4,3,3,5,3,"Cammeo"
6,6,6,2,6,6,3,"Cammeo"
5,7,6,1,6,5,3,"Cammeo"
5,6,6,2,6,5,3,"Cammeo"
6,6,5,3,4,6,3,"Cammeo"
6,6,5,3,4,6,3,"Cammeo"
7,7,6,3,6,6,3,"Cammeo"
6,7,6,3,6,6,3,"Cammeo"
5,6,6,2,6,5,3,"Cammeo"
3,4,3,2,5,3,3,"Cammeo"
6,5,4,3,3,5,3,"Cammeo"
7,7,6,3,5,6,3,"Cammeo"
6,7,6,3,6,6,1,"Cammeo"
7,7,6,3,6,6,3,"Cammeo"
6,7,6,2,6,6,3,"Cammeo"
3,3,2,2,3,3,3,"Cammeo"
7,7,6,3,5,6,3,"Cammeo"
5,6,6,2,6,5,3,"Cammeo"
5,5,4,2,5,5,3,"Cammeo"
4,5,5,2,6,4,3,"Cammeo"
5,6,6,2,6,5,3,"Cammeo"
6,7,6,2,6,6,3,"Cammeo"
6,7,6,3,5,6,3,"Cammeo"
5,6,5,2,6,5,3,"Cammeo"
7,7,6,4,5,6,2,"Cammeo"
3,3,4,1,6,3,3,"Cammeo"
5,6,6,2,6,5,3,"Cammeo"
6,6,5,3,5,6,3,"Cammeo"
7,7,6,3,6,6,3,"Cammeo"
6,7,6,3,6,6,3,"Cammeo"
7,7,6,2,6,6,3,"Cammeo"
4,4,3,2,4,4,3,"Cammeo"
7,7,6,3,6,6,2,"Cammeo"
4,4,4,1,6,3,1,"Cammeo"
5,5,5,2,6,4,1,"Cammeo"
7,7,5,4,3,6,3,"Cammeo"
7,7,6,4,4,6,3,"Cammeo"
7,7,6,3,6,6,2,"Cammeo"
7,7,6,4,1,6,3,"Cammeo"
3,3,2,1,5,3,3,"Cammeo"
3,4,3,2,5,3,3,"Cammeo"
7,7,6,3,6,6,2,"Cammeo"
6,6,5,3,5,6,3,"Cammeo"
7,7,6,4,3,6,3,"Cammeo"
7,7,6,3,6,6,3,"Cammeo"
4,4,4,2,6,4,3,"Cammeo"
6,6,4,4,1,6,3,"Cammeo"
4,5,5,1,6,4,3,"Cammeo"
6,7,5,3,5,6,3,"Cammeo"
6,6,6,2,6,6,3,"Cammeo"
6,6,6,2,6,5,3,"Cammeo"
6,6,4,3,4,6,3,"Cammeo"
7,7,6,4,3,6,3,"Cammeo"
7,7,6,3,6,6,3,"Cammeo"
5,6,5,3,5,5,3,"Cammeo"
5,5,5,2,5,5,3,"Cammeo"
4,4,3,2,4,4,3,"Cammeo"
6,7,6,3,5,6,3,"Cammeo"
6,6,5,3,5,6,3,"Cammeo"
1,2,2,1,6,1,1,"Cammeo"
6,6,5,3,4,6,3,"Cammeo"
6,7,6,3,6,6,3,"Cammeo"
6,6,5,3,4,6,3,"Cammeo"
4,5,4,2,6,4,2,"Cammeo"
5,5,5,2,6,4,3,"Cammeo"
6,7,6,3,5,6,2,"Cammeo"
3,3,2,2,5,3,2,"Cammeo"
7,7,6,3,6,6,3,"Cammeo"
7,7,6,3,6,6,3,"Cammeo"
6,6,4,4,2,6,3,"Cammeo"
4,5,4,2,6,4,2,"Cammeo"
5,5,4,2,5,5,3,"Cammeo"
6,6,5,3,5,5,3,"Cammeo"
7,7,6,4,4,6,2,"Cammeo"
6,6,5,3,3,6,3,"Cammeo"
4,4,3,2,5,4,3,"Cammeo"
7,7,6,3,6,6,3,"Cammeo"
5,5,4,2,5,5,3,"Cammeo"
7,7,5,4,3,6,3,"Cammeo"
5,7,6,1,6,5,1,"Cammeo"
3,4,4,1,6,3,3,"Cammeo"
6,7,6,2,6,6,2,"Cammeo"
5,6,5,2,6,5,2,"Cammeo"
4,5,5,1,6,4,3,"Cammeo"
7,7,6,4,5,6,2,"Cammeo"
3,3,2,2,5,3,3,"Cammeo"
6,6,5,2,6,6,3,"Cammeo"
4,4,4,2,5,4,2,"Cammeo"
3,3,4,1,6,2,1,"Cammeo"
6,6,4,3,2,6,3,"Cammeo"
7,7,6,3,5,6,2,"Cammeo"
7,7,6,4,5,6,3,"Cammeo"
5,6,6,2,6,5,2,"Cammeo"
5,6,6,2,6,5,1,"Cammeo"
5,6,4,2,5,5,3,"Cammeo"
6,6,4,3,3,6,3,"Cammeo"
6,7,6,2,6,6,3,"Cammeo"
5,6,5,2,6,5,3,"Cammeo"
5,6,5,2,6,5,1,"Cammeo"
1,2,3,1,6,1,3,"Cammeo"
4,4,3,2,5,4,2,"Cammeo"
2,2,2,1,6,2,3,"Cammeo"
6,6,6,2,6,6,3,"Cammeo"
5,6,6,2,6,6,3,"Cammeo"
6,6,5,2,6,5,2,"Cammeo"
5,5,5,2,6,4,3,"Cammeo"
3,3,2,2,5,3,3,"Cammeo"
6,6,5,2,6,6,3,"Cammeo"
7,6,4,4,1,6,3,"Cammeo"
2,3,5,1,6,2,1,"Cammeo"
5,5,4,2,5,5,2,"Cammeo"
5,6,5,2,6,5,3,"Cammeo"
5,5,4,3,4,5,3,"Cammeo"
2,4,5,1,6,3,3,"Cammeo"
7,7,6,4,3,6,3,"Cammeo"
6,7,6,3,5,6,2,"Cammeo"
7,7,6,3,6,6,2,"Cammeo"
6,6,4,4,1,6,3,"Cammeo"
7,7,6,3,6,6,3,"Cammeo"
7,7,6,3,6,6,2,"Cammeo"
6,7,6,3,6,6,3,"Cammeo"
3,5,5,1,6,4,3,"Cammeo"
4,4,3,2,5,3,3,"Cammeo"
6,6,6,2,6,5,2,"Cammeo"
7,7,6,3,6,6,2,"Cammeo"
6,6,6,3,6,6,2,"Cammeo"
6,6,5,3,5,6,3,"Cammeo"
6,7,6,3,6,6,3,"Cammeo"
6,7,6,3,5,6,3,"Cammeo"
4,5,5,2,6,4,3,"Cammeo"
3,3,4,1,6,3,1,"Cammeo"
6,6,5,2,5,6,2,"Cammeo"
6,7,6,2,6,6,3,"Cammeo"
7,7,6,2,6,6,1,"Cammeo"
5,6,6,2,6,5,3,"Cammeo"
6,6,6,2,6,6,3,"Cammeo"
6,7,6,3,6,6,3,"Cammeo"
5,4,4,2,4,5,3,"Cammeo"
4,4,4,2,5,4,3,"Cammeo"
5,6,5,1,6,5,3,"Cammeo"
5,6,6,1,6,5,3,"Cammeo"
4,5,5,1,6,4,3,"Cammeo"
6,7,6,3,6,6,3,"Cammeo"
7,7,6,3,6,6,3,"Cammeo"
5,6,6,2,6,5,3,"Cammeo"
5,6,6,1,6,5,2,"Cammeo"
3,4,5,1,6,3,3,"Cammeo"
3,3,2,1,5,3,3,"Cammeo"
3,3,2,2,3,3,3,"Cammeo"
3,3,4,1,6,2,1,"Cammeo"
5,5,4,2,5,5,3,"Cammeo"
7,7,6,3,6,6,3,"Cammeo"
7,7,6,3,6,6,3,"Cammeo"
2,2,2,1,6,2,1,"Cammeo"
6,6,5,3,5,6,2,"Cammeo"
5,5,4,2,5,5,3,"Cammeo"
6,7,6,3,6,6,3,"Cammeo"
6,7,5,3,5,6,3,"Cammeo"
6,7,6,3,6,6,3,"Cammeo"
2,2,2,1,6,2,3,"Cammeo"
2,2,2,1,6,2,2,"Cammeo"
4,6,5,2,6,4,3,"Cammeo"
3,3,4,1,6,3,1,"Cammeo"
4,6,6,1,6,4,3,"Cammeo"
6,6,4,3,3,6,3,"Cammeo"
6,6,6,2,6,6,1,"Cammeo"
5,6,5,2,6,5,3,"Cammeo"
6,6,6,2,6,6,3,"Cammeo"
7,7,5,4,3,6,3,"Cammeo"
5,6,4,2,5,5,2,"Cammeo"
5,6,6,2,6,5,1,"Cammeo"
3,5,5,1,6,4,2,"Cammeo"
6,7,6,3,5,6,2,"Cammeo"
7,7,6,4,4,6,3,"Cammeo"
6,7,6,3,5,6,3,"Cammeo"
6,7,6,3,6,6,2,"Cammeo"
2,2,2,1,5,2,3,"Cammeo"
7,7,6,3,6,6,2,"Cammeo"
6,6,4,3,3,6,2,"Cammeo"
3,2,1,2,1,3,3,"Cammeo"
6,6,5,2,6,5,3,"Cammeo"
4,5,4,2,6,5,3,"Cammeo"
6,6,5,3,4,6,2,"Cammeo"
6,6,6,3,6,6,1,"Cammeo"
7,7,6,4,3,6,3,"Cammeo"
1,1,2,1,6,1,2,"Cammeo"
7,7,6,3,6,6,2,"Cammeo"
6,7,6,2,6,6,3,"Cammeo"
6,6,5,3,5,6,3,"Cammeo"
5,5,4,3,4,5,3,"Cammeo"
3,3,2,2,5,3,3,"Cammeo"
7,7,6,4,4,6,3,"Cammeo"
3,4,3,1,6,3,3,"Cammeo"
6,6,5,4,2,6,3,"Cammeo"
5,5,4,2,5,5,3,"Cammeo"
6,6,6,2,6,5,3,"Cammeo"
4,5,4,2,6,4,3,"Cammeo"
6,7,6,3,6,6,3,"Cammeo"
6,6,5,3,5,6,2,"Cammeo"
7,7,6,3,6,6,2,"Cammeo"
6,6,5,3,5,5,3,"Cammeo"
6,6,6,2,6,5,3,"Cammeo"
6,6,5,4,3,6,3,"Cammeo"
5,6,5,2,6,5,2,"Cammeo"
6,6,5,3,6,6,1,"Cammeo"
6,6,5,3,5,6,3,"Cammeo"
6,7,6,3,6,6,1,"Cammeo"
7,7,6,3,5,6,3,"Cammeo"
4,5,5,2,6,4,3,"Cammeo"
5,6,5,2,5,5,1,"Cammeo"
6,7,6,3,6,6,3,"Cammeo"
4,6,5,1,6,4,3,"Cammeo"
5,6,5,2,6,5,1,"Cammeo"
5,6,5,2,6,5,3,"Cammeo"
6,7,6,3,6,6,3,"Cammeo"
6,7,6,3,6,6,3,"Cammeo"
6,6,5,3,5,6,1,"Cammeo"
3,4,4,2,5,4,3,"Cammeo"
5,6,4,2,5,5,3,"Cammeo"
6,6,6,2,6,6,2,"Cammeo"
7,7,6,3,5,6,3,"Cammeo"
1,2,2,1,6,1,2,"Cammeo"
7,7,6,3,6,6,3,"Cammeo"
6,7,6,3,6,6,3,"Cammeo"
5,5,5,2,6,5,2,"Cammeo"
6,7,6,3,5,6,3,"Cammeo"
6,7,6,1,6,6,1,"Cammeo"
6,6,6,2,6,6,3,"Cammeo"
6,7,6,3,6,6,3,"Cammeo"
6,6,5,3,5,6,2,"Cammeo"
6,6,6,2,6,6,3,"Cammeo"
4,6,4,2,6,4,1,"Cammeo"
5,5,4,2,5,5,3,"Cammeo"
6,7,6,3,6,6,3,"Cammeo"
3,4,5,1,6,2,3,"Cammeo"
5,5,5,2,6,5,3,"Cammeo"
4,5,4,2,6,4,3,"Cammeo"
4,5,4,2,5,4,3,"Cammeo"
5,6,5,2,6,5,3,"Cammeo"
3,3,3,1,6,3,3,"Cammeo"
3,4,4,1,6,3,1,"Cammeo"
6,6,5,3,5,6,2,"Cammeo"
6,7,6,2,6,6,1,"Cammeo"
6,6,6,2,6,6,1,"Cammeo"
7,7,6,3,6,6,3,"Cammeo"
4,5,5,2,6,4,3,"Cammeo"
6,6,6,2,6,6,3,"Cammeo"
5,7,6,2,6,6,1,"Cammeo"
5,7,6,1,6,5,1,"Cammeo"
7,7,6,3,6,6,1,"Cammeo"
5,6,5,2,6,5,3,"Cammeo"
6,7,6,3,5,6,3,"Cammeo"
5,6,5,2,6,5,3,"Cammeo"
7,7,6,4,6,6,2,"Cammeo"
6,6,6,3,5,6,3,"Cammeo"
3,5,5,1,6,3,3,"Cammeo"
6,6,6,2,6,6,3,"Cammeo"
3,3,2,2,5,3,3,"Cammeo"
6,7,6,3,6,6,2,"Cammeo"
4,3,2,3,2,4,3,"Cammeo"
4,5,4,2,6,4,3,"Cammeo"
3,3,2,1,6,3,3,"Cammeo"
6,7,6,2,6,6,3,"Cammeo"
6,7,6,3,5,6,2,"Cammeo"
5,6,6,2,6,5,2,"Cammeo"
4,5,4,2,5,4,3,"Cammeo"
3,4,4,1,6,3,3,"Cammeo"
6,7,6,3,5,6,3,"Cammeo"
5,6,5,2,6,5,3,"Cammeo"
6,7,6,3,5,6,3,"Cammeo"
6,7,6,2,6,6,3,"Cammeo"
5,6,6,1,6,5,1,"Cammeo"
7,7,6,3,6,6,3,"Cammeo"
2,3,4,1,6,2,3,"Cammeo"
5,5,5,2,6,5,3,"Cammeo"
3,4,2,2,3,3,3,"Cammeo"
6,7,6,3,6,6,2,"Cammeo"
7,7,6,4,5,6,3,"Cammeo"
6,6,5,2,6,6,3,"Cammeo"
6,7,6,3,6,6,3,"Cammeo"
5,6,5,2,6,5,3,"Cammeo"
7,7,6,4,5,6,3,"Cammeo"
2,2,1,2,2,2,3,"Cammeo"
4,5,4,2,5,4,3,"Cammeo"
7,7,6,3,5,6,2,"Cammeo"
6,6,4,3,2,6,3,"Cammeo"
5,6,5,2,6,5,3,"Cammeo"
6,6,5,3,5,6,3,"Cammeo"
5,6,4,2,5,5,3,"Cammeo"
5,6,5,2,5,5,3,"Cammeo"
7,7,6,4,2,6,3,"Cammeo"
6,7,6,2,6,6,1,"Cammeo"
5,5,4,2,5,5,3,"Cammeo"
6,6,6,3,6,6,3,"Cammeo"
5,6,5,3,5,5,3,"Cammeo"
6,7,6,3,5,6,3,"Cammeo"
7,7,6,3,5,6,2,"Cammeo"
5,5,4,3,4,5,3,"Cammeo"
3,4,5,1,6,3,3,"Cammeo"
6,6,5,3,4,6,3,"Cammeo"
7,7,6,2,6,6,2,"Cammeo"
6,6,5,3,4,6,3,"Cammeo"
6,6,6,2,6,6,3,"Cammeo"
6,6,6,3,6,6,3,"Cammeo"
6,7,6,2,6,6,1,"Cammeo"
6,6,5,3,4,6,3,"Cammeo"
5,6,6,2,6,5,1,"Cammeo"
6,7,6,3,6,6,3,"Cammeo"
6,7,6,3,5,6,2,"Cammeo"
6,6,5,3,4,6,3,"Cammeo"
7,7,6,3,5,6,3,"Cammeo"
7,7,6,3,6,6,3,"Cammeo"
6,6,5,2,6,6,3,"Cammeo"
7,7,6,3,6,6,1,"Cammeo"
6,6,5,3,4,6,3,"Cammeo"
6,7,6,3,6,6,3,"Cammeo"
5,6,5,2,6,5,1,"Cammeo"
6,7,6,2,6,6,1,"Cammeo"
7,7,6,3,6,6,3,"Cammeo"
6,7,6,3,6,6,3,"Cammeo"
6,6,6,2,6,5,1,"Cammeo"
3,3,3,1,6,3,3,"Cammeo"
3,3,2,1,6,3,1,"Cammeo"
2,3,2,1,6,2,2,"Cammeo"
5,4,4,2,5,5,3,"Cammeo"
5,6,6,2,6,5,3,"Cammeo"
4,5,4,2,5,4,3,"Cammeo"
7,7,5,4,2,6,3,"Cammeo"
5,6,5,2,6,5,2,"Cammeo"
6,6,6,3,5,6,3,"Cammeo"
5,5,4,3,3,5,3,"Cammeo"
6,6,5,3,5,6,2,"Cammeo"
7,7,6,3,5,6,3,"Cammeo"
5,6,5,2,5,5,3,"Cammeo"
6,7,6,2,6,6,1,"Cammeo"
5,5,2,3,2,5,3,"Cammeo"
4,5,4,2,6,4,3,"Cammeo"
3,6,6,1,6,3,3,"Cammeo"
6,6,5,3,4,6,3,"Cammeo"
4,4,3,2,5,4,3,"Cammeo"
5,6,4,3,4,5,3,"Cammeo"
6,6,5,3,4,6,3,"Cammeo"
6,6,5,3,5,6,2,"Cammeo"
6,6,5,3,4,6,2,"Cammeo"
6,6,6,2,6,6,2,"Cammeo"
6,6,5,3,5,6,3,"Cammeo"
5,6,5,2,6,5,3,"Cammeo"
6,7,6,2,6,6,1,"Cammeo"
6,7,6,3,6,6,3,"Cammeo"
4,5,5,2,6,4,3,"Cammeo"
3,2,2,2,3,3,3,"Cammeo"
5,5,5,2,6,5,2,"Cammeo"
7,7,6,3,6,6,2,"Cammeo"
5,6,4,2,5,5,3,"Cammeo"
6,7,6,2,6,6,3,"Cammeo"
7,7,6,3,6,6,3,"Cammeo"
6,6,5,4,3,6,3,"Cammeo"
7,7,6,3,6,6,3,"Cammeo"
5,6,5,2,5,5,2,"Cammeo"
7,7,6,4,3,6,3,"Cammeo"
3,6,6,1,6,3,1,"Cammeo"
6,6,5,3,5,6,2,"Cammeo"
6,7,6,3,6,6,3,"Cammeo"
5,5,4,2,5,5,2,"Cammeo"
6,6,5,3,5,5,3,"Cammeo"
3,5,5,1,6,3,1,"Cammeo"
3,5,4,2,5,4,3,"Cammeo"
4,5,4,2,6,4,2,"Cammeo"
6,7,6,3,6,6,1,"Cammeo"
1,2,2,1,6,1,3,"Cammeo"
7,7,6,3,6,6,3,"Cammeo"
7,7,6,3,6,6,2,"Cammeo"
3,5,5,1,6,3,1,"Cammeo"
6,7,6,3,6,6,3,"Cammeo"
7,7,6,3,6,6,3,"Cammeo"
7,7,6,3,5,6,3,"Cammeo"
6,7,6,3,6,6,3,"Cammeo"
4,4,3,2,5,4,3,"Cammeo"
6,6,5,2,6,5,2,"Cammeo"
5,6,5,2,5,5,2,"Cammeo"
6,6,6,3,6,6,2,"Cammeo"
6,5,2,4,1,6,3,"Cammeo"
7,7,6,3,6,6,3,"Cammeo"
6,6,6,3,6,6,3,"Cammeo"
6,7,6,2,6,5,1,"Cammeo"
5,6,5,2,5,5,3,"Cammeo"
6,7,6,3,6,6,3,"Cammeo"
7,7,6,3,6,6,1,"Cammeo"
3,6,5,1,6,3,3,"Cammeo"
6,6,5,3,5,6,3,"Cammeo"
7,7,6,3,5,6,3,"Cammeo"
7,7,6,2,6,6,3,"Cammeo"
7,7,5,4,2,6,3,"Cammeo"
7,7,6,3,5,6,2,"Cammeo"
7,7,6,3,6,6,3,"Cammeo"
6,7,6,3,6,6,3,"Cammeo"
6,6,5,3,5,6,2,"Cammeo"
6,7,6,3,5,6,3,"Cammeo"
6,6,6,3,6,6,3,"Cammeo"
3,4,4,1,6,3,3,"Cammeo"
6,7,6,3,6,6,2,"Cammeo"
6,6,5,2,5,5,3,"Cammeo"
7,7,6,4,6,6,3,"Cammeo"
7,7,6,3,5,6,3,"Cammeo"
6,7,6,3,6,6,3,"Cammeo"
3,3,3,1,6,3,3,"Cammeo"
7,7,6,4,6,6,3,"Cammeo"
7,7,6,4,2,6,3,"Cammeo"
6,6,5,3,4,6,3,"Cammeo"
5,6,5,2,6,5,1,"Cammeo"
6,7,6,2,6,6,2,"Cammeo"
6,7,6,2,6,6,3,"Cammeo"
6,6,4,3,3,6,3,"Cammeo"
3,4,3,1,6,3,2,"Cammeo"
6,6,5,3,5,6,2,"Cammeo"
6,7,6,3,6,6,2,"Cammeo"
3,3,4,1,6,2,3,"Cammeo"
4,6,6,1,6,4,1,"Cammeo"
6,6,5,4,3,6,3,"Cammeo"
6,7,6,3,5,6,3,"Cammeo"
5,4,3,3,3,5,3,"Cammeo"
3,3,2,2,3,3,3,"Cammeo"
7,7,6,3,6,6,1,"Cammeo"
6,7,6,3,6,6,3,"Cammeo"
5,4,2,3,1,5,3,"Cammeo"
6,7,6,3,6,6,3,"Cammeo"
3,5,5,1,6,3,2,"Cammeo"
4,4,3,2,4,4,3,"Cammeo"
7,7,6,3,6,6,3,"Cammeo"
6,7,6,3,6,6,3,"Cammeo"
5,4,2,3,2,5,3,"Cammeo"
3,3,3,1,6,3,1,"Cammeo"
4,2,2,3,2,3,3,"Cammeo"
3,3,2,2,4,3,3,"Cammeo"
5,6,5,2,6,5,3,"Cammeo"
6,6,5,2,6,5,3,"Cammeo"
6,7,6,3,6,6,2,"Cammeo"
6,6,5,3,5,6,3,"Cammeo"
6,6,5,2,6,6,2,"Cammeo"
5,6,5,2,5,5,3,"Cammeo"
6,4,2,4,1,6,3,"Cammeo"
7,7,6,4,1,6,3,"Cammeo"
6,7,5,4,2,6,3,"Cammeo"
3,2,2,2,4,3,3,"Cammeo"
6,6,5,4,3,6,3,"Cammeo"
7,7,6,4,2,6,3,"Cammeo"
5,5,4,2,5,4,3,"Cammeo"
4,5,5,1,6,4,3,"Cammeo"
7,7,6,3,6,6,3,"Cammeo"
7,7,6,3,6,6,3,"Cammeo"
4,3,2,3,2,4,3,"Cammeo"
6,6,6,3,6,6,2,"Cammeo"
7,7,6,4,3,6,3,"Cammeo"
6,6,5,2,6,5,3,"Cammeo"
3,3,2,2,5,3,3,"Cammeo"
7,7,6,4,2,6,3,"Cammeo"
7,7,6,3,6,6,3,"Cammeo"
6,6,4,4,2,6,3,"Cammeo"
6,7,6,3,6,6,3,"Cammeo"
7,7,6,3,5,6,2,"Cammeo"
4,2,2,2,3,3,3,"Cammeo"
7,7,6,4,5,6,3,"Cammeo"
6,6,4,3,3,6,3,"Cammeo"
6,7,6,3,6,6,3,"Cammeo"
7,7,6,3,6,6,3,"Cammeo"
6,6,5,3,4,6,3,"Cammeo"
6,7,6,2,6,6,3,"Cammeo"
7,7,6,4,3,6,3,"Cammeo"
6,6,3,4,1,6,3,"Cammeo"
7,7,6,3,6,6,3,"Cammeo"
7,7,6,4,5,6,3,"Cammeo"
7,7,6,3,6,6,3,"Cammeo"
7,7,6,3,6,6,3,"Cammeo"
6,7,6,3,5,6,2,"Cammeo"
6,6,5,3,3,6,3,"Cammeo"
3,6,6,1,6,3,1,"Cammeo"
7,7,6,3,6,6,3,"Cammeo"
7,7,6,3,6,6,2,"Cammeo"
6,7,6,2,6,6,3,"Cammeo"
7,7,6,4,6,6,3,"Cammeo"
7,7,6,4,5,6,3,"Cammeo"
5,7,6,1,6,5,3,"Cammeo"
6,7,6,2,6,6,2,"Cammeo"
7,7,5,4,2,6,3,"Cammeo"
6,6,6,3,5,6,3,"Cammeo"
6,6,3,4,1,6,3,"Cammeo"
7,7,6,3,6,6,1,"Cammeo"
4,6,5,1,6,4,3,"Cammeo"
7,7,6,4,1,6,3,"Cammeo"
7,7,6,3,6,6,3,"Cammeo"
6,7,6,2,6,6,2,"Cammeo"
6,7,5,4,2,6,3,"Cammeo"
6,6,6,2,6,6,3,"Cammeo"
5,6,4,3,3,5,3,"Cammeo"
7,7,6,3,5,6,2,"Cammeo"
7,7,6,4,1,6,3,"Cammeo"
7,7,6,3,6,6,2,"Cammeo"
7,7,6,3,6,6,3,"Cammeo"
7,7,6,4,4,6,3,"Cammeo"
3,4,4,1,6,3,3,"Cammeo"
7,7,6,4,5,6,2,"Cammeo"
7,7,6,4,5,6,3,"Cammeo"
4,5,4,2,6,4,2,"Cammeo"
6,7,6,3,6,6,3,"Cammeo"
7,7,5,4,2,6,3,"Cammeo"
4,6,5,1,6,5,1,"Cammeo"
6,7,6,3,5,6,3,"Cammeo"
2,3,3,1,6,2,3,"Cammeo"
6,6,4,4,2,6,3,"Cammeo"
6,7,6,3,6,6,2,"Cammeo"
6,6,5,3,5,6,3,"Cammeo"
7,7,6,4,4,6,2,"Cammeo"
6,7,6,3,5,6,3,"Cammeo"
3,4,4,1,6,3,2,"Cammeo"
7,7,6,4,4,6,3,"Cammeo"
7,7,4,4,1,6,3,"Cammeo"
7,7,6,3,6,6,3,"Cammeo"
5,6,6,2,6,6,3,"Cammeo"
5,5,5,2,6,5,3,"Cammeo"
6,7,6,3,5,6,2,"Cammeo"
5,6,5,3,5,5,2,"Cammeo"
5,6,5,2,5,5,3,"Cammeo"
5,6,6,1,6,5,3,"Cammeo"
5,6,6,2,6,5,1,"Cammeo"
6,6,6,2,6,6,3,"Cammeo"
5,6,5,2,6,5,3,"Cammeo"
7,7,6,4,5,6,3,"Cammeo"
4,4,4,2,5,4,3,"Cammeo"
3,4,2,2,4,3,3,"Cammeo"
6,6,5,3,5,6,2,"Cammeo"
6,6,6,3,6,6,3,"Cammeo"
3,4,2,2,4,3,3,"Cammeo"
7,6,5,4,1,6,3,"Cammeo"
3,3,4,1,6,2,2,"Cammeo"
7,6,5,4,4,6,3,"Cammeo"
4,6,4,2,6,5,3,"Cammeo"
5,5,3,3,2,5,3,"Cammeo"
5,5,4,3,4,5,2,"Cammeo"
6,7,6,2,6,6,3,"Cammeo"
5,6,6,2,6,5,3,"Cammeo"
6,7,6,3,5,6,3,"Cammeo"
7,7,6,4,5,6,3,"Cammeo"
5,5,4,2,4,5,2,"Cammeo"
7,7,6,4,5,6,2,"Cammeo"
5,6,5,2,6,5,3,"Cammeo"
7,7,6,3,5,6,3,"Cammeo"
5,6,5,2,5,5,3,"Cammeo"
6,6,6,2,6,6,2,"Cammeo"
6,6,5,3,4,6,3,"Cammeo"
3,5,4,1,6,3,2,"Cammeo"
5,6,5,2,6,5,3,"Cammeo"
6,7,6,2,6,6,3,"Cammeo"
6,7,6,2,6,6,3,"Cammeo"
5,6,6,2,6,5,3,"Cammeo"
6,6,5,3,5,6,3,"Cammeo"
6,6,4,3,2,6,3,"Cammeo"
4,5,5,1,6,4,3,"Cammeo"
6,6,6,3,5,6,3,"Cammeo"
6,6,5,3,5,6,2,"Cammeo"
6,7,5,3,5,6,3,"Cammeo"
3,5,6,1,6,3,1,"Cammeo"
7,7,6,3,5,6,3,"Cammeo"
3,4,3,2,5,3,2,"Cammeo"
4,4,3,2,5,4,3,"Cammeo"
6,7,6,3,5,6,3,"Cammeo"
6,7,6,3,6,6,3,"Cammeo"
7,7,6,4,4,6,3,"Cammeo"
4,5,5,1,6,4,3,"Cammeo"
5,6,6,1,6,5,3,"Cammeo"
6,6,6,2,6,6,3,"Cammeo"
5,5,5,2,6,5,3,"Cammeo"
3,5,5,1,6,3,2,"Cammeo"
6,6,5,2,6,5,3,"Cammeo"
7,7,6,4,5,6,3,"Cammeo"
3,3,2,1,5,3,3,"Cammeo"
6,6,5,3,5,6,2,"Cammeo"
6,7,5,3,5,6,3,"Cammeo"
6,7,6,2,6,6,1,"Cammeo"
6,6,6,2,6,6,3,"Cammeo"
4,5,4,2,5,4,3,"Cammeo"
4,5,5,1,6,4,3,"Cammeo"
5,6,6,2,6,5,1,"Cammeo"
4,6,5,1,6,5,3,"Cammeo"
4,5,5,1,6,4,3,"Cammeo"
6,7,6,3,6,6,2,"Cammeo"
3,2,2,2,3,3,3,"Cammeo"
4,6,5,1,6,5,3,"Cammeo"
6,7,6,3,6,6,3,"Cammeo"
2,2,2,1,5,2,3,"Cammeo"
7,7,6,3,6,6,3,"Cammeo"
5,5,4,2,5,5,3,"Cammeo"
1,2,2,1,6,1,1,"Cammeo"
3,4,4,2,6,3,3,"Cammeo"
4,4,3,2,4,4,3,"Cammeo"
3,3,4,1,6,3,3,"Cammeo"
5,5,5,2,5,5,3,"Cammeo"
6,6,6,2,6,6,3,"Cammeo"
6,6,5,3,4,6,3,"Cammeo"
6,6,5,3,3,6,3,"Cammeo"
3,4,4,1,6,3,3,"Cammeo"
5,6,6,1,6,5,3,"Cammeo"
3,2,2,2,3,3,3,"Cammeo"
6,6,6,2,6,6,3,"Cammeo"
3,3,3,2,5,3,2,"Cammeo"
6,6,5,3,5,6,3,"Cammeo"
3,5,5,1,6,4,3,"Cammeo"
6,6,4,3,4,5,3,"Cammeo"
6,6,5,3,5,6,3,"Cammeo"
6,7,6,3,6,6,2,"Cammeo"
6,6,4,3,3,6,3,"Cammeo"
5,6,4,3,4,5,3,"Cammeo"
6,6,5,3,5,6,2,"Cammeo"
7,7,6,2,6,6,3,"Cammeo"
6,7,6,3,6,6,2,"Cammeo"
6,7,6,2,6,6,3,"Cammeo"
4,5,4,2,6,4,3,"Cammeo"
3,3,3,2,5,3,3,"Cammeo"
7,7,6,3,6,6,2,"Cammeo"
1,3,4,1,6,1,1,"Cammeo"
5,6,4,3,3,5,2,"Cammeo"
6,6,5,3,5,6,2,"Cammeo"
6,7,6,3,6,6,3,"Cammeo"
6,7,6,3,6,6,3,"Cammeo"
3,4,4,1,6,3,3,"Cammeo"
5,6,5,2,6,5,3,"Cammeo"
7,7,6,3,5,6,3,"Cammeo"
5,5,5,2,6,4,3,"Cammeo"
6,6,6,2,6,6,2,"Cammeo"
7,7,6,3,6,6,3,"Cammeo"
1,2,3,1,6,1,3,"Cammeo"
6,7,6,3,5,6,3,"Cammeo"
6,7,6,3,5,6,3,"Cammeo"
7,7,6,4,4,6,3,"Cammeo"
2,4,5,1,6,2,3,"Cammeo"
4,4,2,2,4,4,3,"Cammeo"
3,4,2,2,5,3,3,"Cammeo"
3,2,2,2,3,3,3,"Cammeo"
5,6,4,2,6,5,2,"Cammeo"
4,4,4,2,5,4,3,"Cammeo"
5,5,4,3,4,5,3,"Cammeo"
6,7,6,3,6,6,3,"Cammeo"
6,7,6,2,6,6,3,"Cammeo"
6,7,6,3,6,6,3,"Cammeo"
6,7,6,3,6,6,3,"Cammeo"
6,7,6,2,6,6,3,"Cammeo"
5,5,4,3,3,5,3,"Cammeo"
7,7,6,4,5,6,3,"Cammeo"
7,7,6,3,6,6,3,"Cammeo"
6,6,5,2,6,6,2,"Cammeo"
6,7,5,3,3,6,3,"Cammeo"
4,4,4,1,6,4,3,"Cammeo"
4,5,4,2,5,4,3,"Cammeo"
4,4,3,2,5,4,3,"Cammeo"
6,6,4,3,4,6,3,"Cammeo"
5,6,6,1,6,5,3,"Cammeo"
5,6,6,2,6,5,3,"Cammeo"
6,6,6,3,5,6,2,"Cammeo"
6,7,6,3,5,6,3,"Cammeo"
5,6,5,2,6,5,2,"Cammeo"
5,6,5,2,6,5,1,"Cammeo"
7,7,6,4,3,6,3,"Cammeo"
3,4,5,1,6,2,3,"Cammeo"
4,6,5,1,6,4,1,"Cammeo"
6,6,5,3,5,6,3,"Cammeo"
6,7,6,2,6,6,3,"Cammeo"
3,4,4,1,6,3,3,"Cammeo"
3,3,4,1,6,3,3,"Cammeo"
6,6,5,3,4,6,3,"Cammeo"
3,5,4,1,6,3,2,"Cammeo"
5,6,5,2,6,5,2,"Cammeo"
5,5,4,3,5,5,3,"Cammeo"
3,5,4,2,6,3,3,"Cammeo"
6,7,6,3,6,6,3,"Cammeo"
4,5,5,2,6,4,3,"Cammeo"
5,5,5,2,6,5,3,"Cammeo"
3,3,3,1,6,3,1,"Cammeo"
5,6,5,2,6,5,3,"Cammeo"
3,2,1,2,2,3,3,"Cammeo"
5,5,4,2,5,5,3,"Cammeo"
4,5,5,1,6,4,3,"Cammeo"
6,6,4,3,4,6,3,"Cammeo"
5,6,4,2,5,5,3,"Cammeo"
6,7,6,3,6,6,3,"Cammeo"
7,7,6,4,6,6,3,"Cammeo"
3,5,5,1,6,3,3,"Cammeo"
5,5,4,2,5,5,2,"Cammeo"
4,5,5,2,6,4,3,"Cammeo"
6,7,6,3,6,6,3,"Cammeo"
6,6,5,3,4,6,2,"Cammeo"
6,7,6,3,6,6,3,"Cammeo"
3,5,6,1,6,3,3,"Cammeo"
6,6,5,3,5,6,3,"Cammeo"
3,5,5,1,6,3,3,"Cammeo"
3,3,2,3,2,3,3,"Cammeo"
6,7,6,3,5,6,3,"Cammeo"
6,7,6,2,6,6,3,"Cammeo"
5,6,4,3,5,5,3,"Cammeo"
7,7,6,3,6,6,1,"Cammeo"
2,2,1,1,4,2,3,"Cammeo"
4,5,5,1,6,4,3,"Cammeo"
5,6,6,2,6,5,3,"Cammeo"
6,7,6,2,6,6,3,"Cammeo"
5,5,3,3,3,5,3,"Cammeo"
4,5,4,2,6,4,1,"Cammeo"
7,7,6,3,5,6,3,"Cammeo"
6,6,4,3,2,6,3,"Cammeo"
4,6,5,1,6,5,3,"Cammeo"
7,7,6,4,4,6,3,"Cammeo"
5,6,5,2,6,5,3,"Cammeo"
6,6,5,3,5,6,3,"Cammeo"
3,4,4,1,6,3,3,"Cammeo"
7,7,6,4,5,6,3,"Cammeo"
7,7,6,3,5,6,2,"Cammeo"
4,3,1,3,1,4,3,"Cammeo"
6,7,5,3,4,6,3,"Cammeo"
3,2,2,1,5,3,3,"Cammeo"
6,7,6,3,5,6,2,"Cammeo"
6,7,6,2,6,6,3,"Cammeo"
6,7,5,3,5,6,2,"Cammeo"
5,6,5,2,6,5,2,"Cammeo"
1,1,1,1,3,1,3,"Cammeo"
6,6,5,3,5,6,2,"Cammeo"
5,5,4,2,5,5,2,"Cammeo"
7,7,6,3,6,6,3,"Cammeo"
6,7,6,2,6,6,1,"Cammeo"
3,3,3,1,6,3,2,"Cammeo"
5,6,5,2,6,5,3,"Cammeo"
6,7,6,3,6,6,3,"Cammeo"
3,4,3,2,6,3,2,"Cammeo"
7,7,6,3,6,6,2,"Cammeo"
6,6,6,3,6,6,2,"Cammeo"
4,5,5,1,6,3,1,"Cammeo"
5,6,4,3,4,5,3,"Cammeo"
3,4,4,1,6,3,3,"Cammeo"
6,6,5,3,5,6,3,"Cammeo"
4,4,2,3,2,4,3,"Cammeo"
6,7,6,3,6,6,2,"Cammeo"
6,6,6,2,6,6,1,"Cammeo"
7,7,6,3,5,6,2,"Cammeo"
6,7,6,3,6,6,3,"Cammeo"
3,3,2,1,5,3,2,"Cammeo"
5,5,5,2,6,5,3,"Cammeo"
2,3,4,1,6,2,2,"Cammeo"
5,6,5,2,6,5,3,"Cammeo"
5,6,5,2,6,5,3,"Cammeo"
3,4,2,2,3,4,3,"Cammeo"
4,5,5,1,6,4,3,"Cammeo"
5,6,4,2,5,5,2,"Cammeo"
6,7,6,1,6,6,1,"Cammeo"
3,3,2,2,4,3,3,"Cammeo"
6,6,6,2,6,6,3,"Cammeo"
5,6,4,2,5,5,3,"Cammeo"
5,6,5,2,6,5,3,"Cammeo"
6,7,6,2,6,6,2,"Cammeo"
4,5,5,1,6,4,2,"Cammeo"
5,5,4,3,5,5,2,"Cammeo"
6,6,6,3,6,6,3,"Cammeo"
5,6,4,3,5,5,3,"Cammeo"
6,7,6,2,6,6,2,"Cammeo"
3,3,3,1,6,2,2,"Cammeo"
6,6,5,3,4,6,3,"Cammeo"
4,4,2,2,4,4,3,"Cammeo"
2,3,2,1,6,3,3,"Cammeo"
5,6,5,3,4,5,3,"Cammeo"
6,7,5,3,5,6,2,"Cammeo"
3,3,2,1,5,3,3,"Cammeo"
4,5,3,2,5,4,2,"Cammeo"
3,3,2,1,5,3,2,"Cammeo"
6,7,6,2,6,6,3,"Cammeo"
6,6,5,3,5,6,3,"Cammeo"
3,3,3,1,6,2,3,"Cammeo"
5,6,5,2,6,5,3,"Cammeo"
5,5,3,3,3,5,2,"Cammeo"
5,4,3,3,3,5,3,"Cammeo"
4,3,2,3,1,4,3,"Cammeo"
6,6,4,3,3,6,3,"Cammeo"
6,7,5,3,5,6,3,"Cammeo"
1,1,1,1,5,1,3,"Cammeo"
6,7,6,2,6,6,3,"Cammeo"
5,6,5,2,6,5,3,"Cammeo"
5,4,4,2,5,4,3,"Cammeo"
6,6,5,3,4,6,3,"Cammeo"
1,1,1,1,3,1,3,"Cammeo"
5,5,4,2,5,5,2,"Cammeo"
6,7,5,3,5,6,3,"Cammeo"
4,5,5,2,6,4,3,"Cammeo"
6,7,6,2,6,6,1,"Cammeo"
5,6,5,2,6,5,3,"Cammeo"
6,6,5,3,4,6,3,"Cammeo"
5,6,6,2,6,5,3,"Cammeo"
7,7,6,3,5,6,3,"Cammeo"
6,7,6,3,5,6,3,"Cammeo"
5,6,5,2,6,5,2,"Cammeo"
5,6,5,2,6,5,1,"Cammeo"
5,6,5,2,6,5,3,"Cammeo"
6,7,6,3,6,6,3,"Cammeo"
6,7,6,3,6,6,1,"Cammeo"
6,7,6,3,5,6,2,"Cammeo"
7,7,6,4,5,6,3,"Cammeo"
5,5,2,3,2,5,3,"Cammeo"
3,5,5,1,6,3,1,"Cammeo"
6,6,6,3,6,6,1,"Cammeo"
7,7,6,3,6,6,1,"Cammeo"
5,5,4,3,4,5,3,"Cammeo"
5,5,5,2,6,5,3,"Cammeo"
6,6,6,2,6,5,3,"Cammeo"
7,7,6,3,6,6,3,"Cammeo"
3,4,4,1,6,3,3,"Cammeo"
1,1,1,1,5,1,2,"Cammeo"
5,6,5,2,6,5,1,"Cammeo"
5,6,5,2,5,5,2,"Cammeo"
6,7,6,2,6,6,3,"Cammeo"
5,6,5,2,5,5,2,"Cammeo"
6,7,5,4,3,6,3,"Cammeo"
5,6,4,3,3,5,3,"Cammeo"
4,5,5,1,6,4,3,"Cammeo"
7,7,6,3,6,6,3,"Cammeo"
5,6,6,2,6,5,2,"Cammeo"
3,5,5,1,6,3,3,"Cammeo"
6,7,6,3,6,6,3,"Cammeo"
4,6,5,1,6,4,1,"Cammeo"
6,7,6,3,6,6,3,"Cammeo"
5,6,4,3,4,5,3,"Cammeo"
7,7,6,3,6,6,2,"Cammeo"
6,7,6,2,6,6,1,"Cammeo"
1,2,2,1,5,1,3,"Cammeo"
6,7,6,2,6,6,1,"Cammeo"
3,3,2,2,5,3,3,"Cammeo"
6,7,6,2,6,6,1,"Cammeo"
6,7,6,2,6,6,3,"Cammeo"
3,5,4,1,6,3,1,"Cammeo"
6,7,6,2,6,6,1,"Cammeo"
3,2,2,1,5,2,3,"Cammeo"
6,6,5,3,5,6,2,"Cammeo"
5,6,5,2,6,5,2,"Cammeo"
5,6,6,2,6,5,2,"Cammeo"
5,5,3,3,3,5,3,"Cammeo"
4,6,5,1,6,4,3,"Cammeo"
6,7,6,3,5,6,3,"Cammeo"
7,7,6,4,3,6,3,"Cammeo"
7,7,6,4,5,6,2,"Cammeo"
6,6,5,3,5,6,3,"Cammeo"
4,4,2,2,5,4,3,"Cammeo"
7,7,6,4,1,6,3,"Cammeo"
3,3,2,2,5,3,2,"Cammeo"
1,1,1,1,3,1,3,"Cammeo"
6,7,6,2,6,6,3,"Cammeo"
5,4,3,2,4,5,3,"Cammeo"
5,6,4,3,3,5,3,"Cammeo"
6,7,6,2,6,6,3,"Cammeo"
5,5,3,3,2,5,3,"Cammeo"
2,2,2,2,4,2,3,"Cammeo"
7,7,6,3,5,6,3,"Cammeo"
3,3,2,2,5,3,3,"Cammeo"
6,6,6,2,6,5,1,"Cammeo"
7,6,3,4,1,6,3,"Cammeo"
6,7,6,2,6,6,1,"Cammeo"
6,6,5,4,3,6,3,"Cammeo"
6,6,5,3,5,6,3,"Cammeo"
3,6,6,1,6,3,2,"Cammeo"
6,6,5,3,4,6,3,"Cammeo"
4,5,4,2,5,4,3,"Cammeo"
6,7,6,3,6,6,3,"Cammeo"
7,7,6,4,3,6,3,"Cammeo"
6,7,6,2,6,6,3,"Cammeo"
7,7,6,4,3,6,3,"Cammeo"
7,7,6,3,6,6,1,"Cammeo"
2,2,1,2,3,2,3,"Cammeo"
5,6,5,2,6,5,1,"Cammeo"
6,6,6,3,6,6,2,"Cammeo"
6,6,6,3,5,6,3,"Cammeo"
3,2,1,2,3,2,3,"Cammeo"
3,3,2,2,5,3,3,"Cammeo"
7,7,6,4,4,6,3,"Cammeo"
6,7,6,2,6,6,3,"Cammeo"
6,6,5,2,6,6,1,"Cammeo"
5,6,6,1,6,5,1,"Cammeo"
6,7,6,2,6,6,2,"Cammeo"
5,6,6,2,6,5,3,"Cammeo"
7,7,6,4,4,6,3,"Cammeo"
6,7,6,3,5,6,3,"Cammeo"
6,6,5,3,5,6,3,"Cammeo"
5,5,3,3,3,5,3,"Cammeo"
7,7,6,3,5,6,3,"Cammeo"
3,3,2,2,3,3,3,"Cammeo"
6,7,6,2,6,6,3,"Cammeo"
3,6,5,1,6,4,3,"Cammeo"
6,6,5,4,3,6,3,"Cammeo"
7,7,5,4,3,6,3,"Cammeo"
7,7,6,4,5,6,3,"Cammeo"
6,7,6,2,6,6,3,"Cammeo"
6,6,5,3,4,6,3,"Cammeo"
6,6,6,2,6,6,3,"Cammeo"
3,5,5,1,6,3,3,"Cammeo"
5,4,2,3,1,5,3,"Osmancik"
5,4,3,2,4,5,3,"Osmancik"
3,3,2,2,4,3,3,"Osmancik"
3,2,2,2,4,2,2,"Osmancik"
3,1,1,2,3,2,3,"Osmancik"
5,4,2,4,1,5,3,"Osmancik"
3,2,2,2,3,3,3,"Osmancik"
3,2,1,3,1,3,3,"Osmancik"
3,4,2,2,3,4,3,"Osmancik"
3,3,2,2,5,3,3,"Osmancik"
1,1,1,1,5,1,3,"Osmancik"
2,2,1,2,2,2,3,"Osmancik"
3,2,2,2,3,3,3,"Osmancik"
3,3,2,2,5,3,3,"Osmancik"
2,1,1,3,1,2,3,"Osmancik"
4,6,5,2,6,4,3,"Osmancik"
3,1,1,3,1,3,3,"Osmancik"
5,3,2,3,1,5,3,"Osmancik"
2,1,1,2,2,2,3,"Osmancik"
4,5,4,2,5,4,3,"Osmancik"
3,2,1,3,1,3,3,"Osmancik"
3,2,1,2,3,3,3,"Osmancik"
1,1,1,1,3,1,2,"Osmancik"
1,1,1,1,5,1,2,"Osmancik"
5,5,4,2,5,5,3,"Osmancik"
2,2,1,2,3,2,3,"Osmancik"
2,1,1,2,1,2,3,"Osmancik"
4,2,1,4,1,4,3,"Osmancik"
2,2,2,1,5,2,3,"Osmancik"
3,3,2,2,4,3,3,"Osmancik"
1,1,1,2,2,1,3,"Osmancik"
2,1,1,2,1,2,3,"Osmancik"
3,2,1,3,1,3,3,"Osmancik"
4,3,2,3,1,4,3,"Osmancik"
1,1,1,2,1,1,3,"Osmancik"
3,3,3,2,6,3,2,"Osmancik"
3,2,1,2,2,3,3,"Osmancik"
1,1,1,2,1,1,3,"Osmancik"
3,5,4,1,6,3,3,"Osmancik"
6,6,5,3,5,6,2,"Osmancik"
1,1,1,2,1,1,3,"Osmancik"
5,6,4,2,5,5,3,"Osmancik"
3,2,1,2,2,3,3,"Osmancik"
2,2,1,1,3,2,3,"Osmancik"
3,2,2,2,4,3,3,"Osmancik"
4,4,4,2,6,4,3,"Osmancik"
3,2,1,2,1,3,3,"Osmancik"
3,2,1,3,1,3,3,"Osmancik"
2,1,1,2,1,2,3,"Osmancik"
3,2,2,1,6,3,3,"Osmancik"
1,1,1,1,3,1,3,"Osmancik"
2,1,1,2,1,2,3,"Osmancik"
1,1,1,2,1,1,3,"Osmancik"
4,3,3,2,5,4,3,"Osmancik"
1,1,1,2,1,1,3,"Osmancik"
3,1,1,3,1,3,3,"Osmancik"
3,2,1,3,1,3,3,"Osmancik"
4,3,1,3,1,4,3,"Osmancik"
1,1,1,1,4,1,3,"Osmancik"
1,1,2,1,6,1,1,"Osmancik"
3,2,2,2,3,3,3,"Osmancik"
2,1,1,3,1,2,3,"Osmancik"
2,1,1,2,3,2,3,"Osmancik"
3,3,3,1,6,3,3,"Osmancik"
1,1,1,1,4,1,3,"Osmancik"
2,2,1,2,3,2,3,"Osmancik"
3,2,1,3,1,3,3,"Osmancik"
1,1,1,1,4,1,3,"Osmancik"
2,1,1,2,1,2,3,"Osmancik"
1,1,1,2,1,1,3,"Osmancik"
3,3,2,3,2,3,3,"Osmancik"
2,2,1,2,2,2,3,"Osmancik"
4,4,2,3,1,4,3,"Osmancik"
1,1,1,2,1,2,3,"Osmancik"
1,1,1,2,1,1,3,"Osmancik"
4,2,1,3,1,3,3,"Osmancik"
3,2,1,2,3,2,3,"Osmancik"
2,2,2,1,5,2,3,"Osmancik"
3,2,1,3,1,3,3,"Osmancik"
1,1,1,2,1,1,3,"Osmancik"
1,1,1,1,6,1,3,"Osmancik"
1,1,1,3,1,2,3,"Osmancik"
1,1,1,1,3,1,3,"Osmancik"
1,1,1,1,2,1,3,"Osmancik"
1,1,2,1,6,1,3,"Osmancik"
1,1,1,1,1,1,3,"Osmancik"
3,1,1,3,1,3,3,"Osmancik"
3,2,1,3,1,3,3,"Osmancik"
4,4,2,3,2,4,3,"Osmancik"
1,1,1,1,1,1,3,"Osmancik"
2,2,1,1,4,2,3,"Osmancik"
3,3,4,1,6,3,2,"Osmancik"
3,3,2,2,4,3,3,"Osmancik"
1,1,1,1,5,1,3,"Osmancik"
4,4,2,3,3,4,3,"Osmancik"
3,3,2,2,2,3,3,"Osmancik"
3,2,1,3,1,3,3,"Osmancik"
1,1,1,1,6,1,3,"Osmancik"
3,2,1,3,1,3,3,"Osmancik"
2,1,1,2,2,2,3,"Osmancik"
3,3,2,2,2,3,3,"Osmancik"
3,1,1,2,1,3,3,"Osmancik"
4,4,2,3,2,4,3,"Osmancik"
1,1,1,2,2,2,3,"Osmancik"
1,1,2,1,6,1,1,"Osmancik"
3,2,1,2,1,3,3,"Osmancik"
2,1,1,2,1,2,3,"Osmancik"
1,1,1,2,1,1,3,"Osmancik"
1,1,1,1,5,1,3,"Osmancik"
3,2,1,2,1,3,3,"Osmancik"
3,2,1,2,1,3,3,"Osmancik"
1,2,2,1,5,2,1,"Osmancik"
3,2,1,3,1,3,3,"Osmancik"
1,1,1,2,1,1,3,"Osmancik"
2,1,1,2,1,2,3,"Osmancik"
2,1,1,2,1,2,3,"Osmancik"
5,5,4,2,6,5,2,"Osmancik"
3,3,1,3,1,3,2,"Osmancik"
1,1,1,1,2,1,3,"Osmancik"
5,5,3,3,3,5,3,"Osmancik"
4,4,2,3,2,4,3,"Osmancik"
3,2,2,2,5,3,2,"Osmancik"
1,1,1,1,5,1,3,"Osmancik"
4,4,4,2,5,4,3,"Osmancik"
3,3,2,2,3,3,3,"Osmancik"
3,5,4,1,6,3,3,"Osmancik"
1,1,1,2,1,1,3,"Osmancik"
1,1,1,1,2,1,3,"Osmancik"
1,1,1,1,2,1,3,"Osmancik"
3,2,2,2,3,3,3,"Osmancik"
1,1,1,1,6,1,2,"Osmancik"
2,3,2,1,6,2,3,"Osmancik"
5,6,4,3,5,5,3,"Osmancik"
3,2,2,2,3,3,3,"Osmancik"
1,1,1,1,2,1,3,"Osmancik"
1,1,1,1,6,1,3,"Osmancik"
3,1,1,3,1,3,3,"Osmancik"
1,1,1,2,1,1,3,"Osmancik"
1,1,1,1,3,1,3,"Osmancik"
2,1,1,2,1,1,3,"Osmancik"
1,1,1,1,2,1,3,"Osmancik"
1,1,1,1,2,1,3,"Osmancik"
2,1,1,3,1,2,3,"Osmancik"
1,1,1,1,2,1,3,"Osmancik"
1,1,1,1,2,1,3,"Osmancik"
1,1,1,1,3,1,3,"Osmancik"
1,1,1,2,1,1,3,"Osmancik"
2,2,1,2,1,2,3,"Osmancik"
3,3,2,2,3,3,3,"Osmancik"
1,1,1,1,2,1,3,"Osmancik"
2,1,1,2,1,2,3,"Osmancik"
2,1,1,2,1,2,3,"Osmancik"
1,1,1,1,1,1,3,"Osmancik"
3,3,1,2,2,3,3,"Osmancik"
1,1,1,1,4,1,3,"Osmancik"
1,1,1,2,1,1,3,"Osmancik"
1,1,1,2,2,2,3,"Osmancik"
1,1,1,1,5,1,3,"Osmancik"
4,5,3,2,4,4,3,"Osmancik"
3,2,2,1,5,2,3,"Osmancik"
1,1,1,1,3,1,3,"Osmancik"
2,2,1,2,3,2,3,"Osmancik"
2,1,1,2,1,2,3,"Osmancik"
1,1,1,1,1,1,3,"Osmancik"
1,1,1,2,2,2,3,"Osmancik"
2,2,2,1,5,2,3,"Osmancik"
1,1,1,1,4,1,3,"Osmancik"
2,1,1,2,1,2,3,"Osmancik"
1,1,1,1,2,1,3,"Osmancik"
1,1,1,2,1,1,3,"Osmancik"
2,2,2,1,5,2,3,"Osmancik"
1,1,1,2,1,1,3,"Osmancik"
3,2,1,3,1,3,3,"Osmancik"
4,2,1,3,1,4,3,"Osmancik"
3,1,1,2,2,2,3,"Osmancik"
3,2,2,2,3,3,3,"Osmancik"
4,4,2,2,3,4,3,"Osmancik"
1,1,1,2,1,1,3,"Osmancik"
1,1,1,1,3,1,3,"Osmancik"
1,1,1,1,3,1,2,"Osmancik"
1,1,1,2,1,1,3,"Osmancik"
1,1,1,1,6,1,1,"Osmancik"
2,2,1,1,4,2,3,"Osmancik"
2,1,1,2,1,2,3,"Osmancik"
1,1,2,1,6,1,3,"Osmancik"
1,1,1,1,2,1,3,"Osmancik"
1,1,1,1,3,1,3,"Osmancik"
3,3,2,2,2,3,3,"Osmancik"
4,5,4,2,4,5,3,"Osmancik"
1,1,1,2,1,2,3,"Osmancik"
1,1,2,1,6,1,3,"Osmancik"
1,1,1,1,6,1,2,"Osmancik"
1,1,1,2,1,1,3,"Osmancik"
1,1,1,2,1,2,3,"Osmancik"
1,1,1,1,6,1,3,"Osmancik"
4,3,1,3,1,3,3,"Osmancik"
1,1,1,2,1,1,3,"Osmancik"
1,1,1,2,1,2,3,"Osmancik"
1,1,1,2,1,1,3,"Osmancik"
2,1,1,2,1,2,3,"Osmancik"
2,2,2,2,4,2,2,"Osmancik"
1,1,1,1,2,1,3,"Osmancik"
1,1,1,1,6,1,2,"Osmancik"
3,2,1,2,4,2,2,"Osmancik"
1,1,1,1,4,1,3,"Osmancik"
1,1,1,2,1,1,3,"Osmancik"
3,2,2,1,5,2,3,"Osmancik"
3,3,2,3,2,3,3,"Osmancik"
2,1,1,2,1,2,3,"Osmancik"
1,1,1,1,2,1,3,"Osmancik"
4,3,2,3,2,4,3,"Osmancik"
2,1,1,2,2,2,3,"Osmancik"
1,1,1,1,5,1,3,"Osmancik"
2,1,1,2,1,2,3,"Osmancik"
1,1,2,1,6,1,1,"Osmancik"
3,2,1,3,1,3,3,"Osmancik"
1,1,1,2,1,1,3,"Osmancik"
1,1,1,1,3,1,3,"Osmancik"
1,1,1,2,1,1,3,"Osmancik"
3,2,2,2,5,2,3,"Osmancik"
3,2,1,2,1,3,3,"Osmancik"
1,1,1,1,2,1,3,"Osmancik"
2,1,1,2,1,2,3,"Osmancik"
3,2,2,2,2,3,3,"Osmancik"
3,2,1,2,3,2,3,"Osmancik"
1,1,1,2,1,1,3,"Osmancik"
3,2,1,3,1,3,3,"Osmancik"
3,1,1,2,1,2,3,"Osmancik"
1,1,1,1,4,1,3,"Osmancik"
1,1,2,1,6,1,3,"Osmancik"
5,4,2,3,1,5,3,"Osmancik"
1,1,1,1,1,1,3,"Osmancik"
1,1,1,1,5,1,3,"Osmancik"
1,1,1,1,6,1,3,"Osmancik"
1,1,1,1,2,1,3,"Osmancik"
3,2,1,3,1,3,3,"Osmancik"
3,3,1,3,2,3,3,"Osmancik"
1,1,1,2,2,1,3,"Osmancik"
3,2,1,2,2,3,3,"Osmancik"
1,1,1,1,5,1,3,"Osmancik"
4,4,2,3,2,4,3,"Osmancik"
2,2,1,2,3,2,3,"Osmancik"
2,1,1,3,1,2,3,"Osmancik"
1,1,1,1,5,1,3,"Osmancik"
1,1,1,1,3,1,3,"Osmancik"
1,1,1,1,1,1,3,"Osmancik"
3,2,1,3,1,3,3,"Osmancik"
3,2,1,2,1,3,3,"Osmancik"
3,1,1,2,1,2,3,"Osmancik"
7,7,5,4,3,6,3,"Osmancik"
1,1,1,2,1,1,3,"Osmancik"
1,1,1,1,1,1,3,"Osmancik"
1,1,1,1,6,1,2,"Osmancik"
1,1,1,1,6,1,2,"Osmancik"
1,1,1,1,6,1,2,"Osmancik"
2,1,1,3,1,2,3,"Osmancik"
1,1,1,3,1,1,3,"Osmancik"
2,2,2,1,5,2,3,"Osmancik"
1,1,1,1,3,1,3,"Osmancik"
3,3,2,2,2,3,3,"Osmancik"
1,1,1,1,2,1,3,"Osmancik"
5,5,2,4,1,5,3,"Osmancik"
1,1,1,2,2,1,3,"Osmancik"
3,2,1,2,2,3,3,"Osmancik"
1,1,1,2,2,1,3,"Osmancik"
2,1,1,2,1,2,3,"Osmancik"
2,1,1,2,1,2,3,"Osmancik"
1,1,1,2,1,1,3,"Osmancik"
3,3,2,2,4,3,3,"Osmancik"
2,1,1,2,1,2,3,"Osmancik"
3,4,3,2,5,3,2,"Osmancik"
2,2,1,2,2,2,3,"Osmancik"
3,1,1,2,2,2,3,"Osmancik"
3,3,3,2,5,3,3,"Osmancik"
2,1,1,2,1,2,3,"Osmancik"
3,2,1,3,1,3,3,"Osmancik"
1,1,1,2,2,1,3,"Osmancik"
1,1,1,1,1,1,3,"Osmancik"
3,3,2,2,4,3,3,"Osmancik"
3,2,2,2,2,3,3,"Osmancik"
2,1,1,2,2,2,3,"Osmancik"
2,2,2,1,5,2,3,"Osmancik"
4,4,3,2,4,4,3,"Osmancik"
3,2,1,3,1,3,3,"Osmancik"
3,2,2,2,3,3,3,"Osmancik"
3,2,2,2,3,3,3,"Osmancik"
4,5,4,2,5,4,3,"Osmancik"
3,4,2,2,2,3,2,"Osmancik"
1,1,1,2,1,1,3,"Osmancik"
2,2,1,1,4,2,3,"Osmancik"
3,3,4,1,6,3,2,"Osmancik"
1,1,1,1,2,1,3,"Osmancik"
4,3,2,2,3,3,3,"Osmancik"
3,3,2,2,3,3,3,"Osmancik"
5,5,2,3,1,5,3,"Osmancik"
4,3,2,2,5,3,3,"Osmancik"
3,3,2,2,5,3,3,"Osmancik"
3,1,1,2,1,3,3,"Osmancik"
3,2,2,1,4,2,2,"Osmancik"
3,2,2,2,3,3,3,"Osmancik"
1,1,1,2,1,1,3,"Osmancik"
3,2,1,2,3,3,3,"Osmancik"
3,2,2,2,4,3,2,"Osmancik"
3,2,1,3,1,3,3,"Osmancik"
3,2,2,2,3,3,3,"Osmancik"
3,3,2,1,5,3,3,"Osmancik"
3,2,1,2,1,2,3,"Osmancik"
3,2,1,2,2,3,3,"Osmancik"
1,1,1,1,6,1,3,"Osmancik"
3,3,2,2,5,3,3,"Osmancik"
3,4,2,2,5,3,3,"Osmancik"
2,1,1,2,1,1,3,"Osmancik"
2,2,1,2,1,2,3,"Osmancik"
1,1,1,1,5,1,3,"Osmancik"
3,2,1,2,2,2,3,"Osmancik"
3,2,2,2,5,3,3,"Osmancik"
3,2,1,3,1,3,3,"Osmancik"
1,1,1,1,2,1,3,"Osmancik"
4,4,3,2,4,4,3,"Osmancik"
3,2,1,3,1,3,3,"Osmancik"
2,1,1,2,2,1,3,"Osmancik"
1,1,1,1,3,1,3,"Osmancik"
2,1,1,2,1,2,3,"Osmancik"
3,3,1,3,1,4,3,"Osmancik"
1,1,1,1,5,1,3,"Osmancik"
1,1,1,1,3,1,3,"Osmancik"
3,3,1,3,1,3,3,"Osmancik"
2,1,1,3,1,2,3,"Osmancik"
4,2,1,4,1,4,3,"Osmancik"
1,1,1,1,2,1,3,"Osmancik"
3,3,3,2,5,3,2,"Osmancik"
1,1,1,2,1,1,3,"Osmancik"
3,1,1,2,1,2,3,"Osmancik"
4,4,2,3,2,4,3,"Osmancik"
5,5,2,3,1,5,3,"Osmancik"
1,1,1,1,3,1,3,"Osmancik"
1,1,1,1,1,1,3,"Osmancik"
2,1,1,1,4,1,2,"Osmancik"
3,2,2,2,3,3,3,"Osmancik"
1,1,1,2,1,1,3,"Osmancik"
1,1,1,2,1,1,3,"Osmancik"
1,1,1,1,5,1,3,"Osmancik"
3,3,2,2,5,3,3,"Osmancik"
1,1,1,2,1,1,3,"Osmancik"
1,1,1,1,6,1,2,"Osmancik"
4,4,1,3,1,4,3,"Osmancik"
1,2,1,1,5,1,3,"Osmancik"
4,4,2,2,3,4,3,"Osmancik"
3,2,1,2,3,3,3,"Osmancik"
3,3,1,2,2,3,3,"Osmancik"
2,1,1,2,3,2,3,"Osmancik"
2,1,1,3,1,2,3,"Osmancik"
1,1,1,2,2,1,3,"Osmancik"
1,1,1,1,2,1,3,"Osmancik"
1,1,1,2,1,1,3,"Osmancik"
3,2,2,2,3,3,3,"Osmancik"
2,1,1,1,3,1,3,"Osmancik"
2,1,1,3,1,3,3,"Osmancik"
1,1,1,2,1,1,3,"Osmancik"
1,1,1,1,2,1,3,"Osmancik"
1,1,1,1,6,1,1,"Osmancik"
2,1,1,3,1,2,3,"Osmancik"
1,1,1,2,1,1,3,"Osmancik"
3,2,2,2,3,3,3,"Osmancik"
3,2,2,2,3,3,3,"Osmancik"
1,1,1,1,4,1,3,"Osmancik"
1,1,1,2,1,1,3,"Osmancik"
3,1,1,2,1,2,3,"Osmancik"
1,1,1,1,5,1,3,"Osmancik"
1,1,1,1,2,1,3,"Osmancik"
3,2,1,3,1,3,3,"Osmancik"
1,1,1,1,2,1,3,"Osmancik"
3,2,1,3,1,3,3,"Osmancik"
3,2,1,3,1,3,3,"Osmancik"
2,2,1,2,1,2,3,"Osmancik"
1,1,1,1,2,1,3,"Osmancik"
1,1,1,1,5,1,3,"Osmancik"
1,1,1,1,3,1,3,"Osmancik"
3,3,2,2,2,3,3,"Osmancik"
1,1,1,2,2,1,3,"Osmancik"
1,1,1,1,2,1,3,"Osmancik"
3,3,1,3,1,3,3,"Osmancik"
1,1,1,1,2,1,3,"Osmancik"
2,2,1,2,3,2,3,"Osmancik"
1,1,1,1,6,1,3,"Osmancik"
2,2,2,1,5,2,3,"Osmancik"
3,2,2,2,3,3,3,"Osmancik"
3,2,1,2,1,3,3,"Osmancik"
3,3,2,1,5,3,2,"Osmancik"
4,6,5,1,6,4,2,"Osmancik"
1,1,1,1,1,1,3,"Osmancik"
2,3,3,1,6,2,2,"Osmancik"
3,3,2,1,5,3,3,"Osmancik"
3,2,1,3,1,3,3,"Osmancik"
1,1,1,2,1,1,3,"Osmancik"
1,1,1,2,1,1,3,"Osmancik"
3,3,2,3,1,3,3,"Osmancik"
2,2,1,2,1,2,3,"Osmancik"
1,1,1,1,5,1,2,"Osmancik"
3,2,1,2,2,3,3,"Osmancik"
1,1,1,1,3,1,3,"Osmancik"
2,1,1,2,1,2,3,"Osmancik"
3,3,2,1,5,3,2,"Osmancik"
2,3,2,1,5,2,2,"Osmancik"
3,2,2,2,3,3,3,"Osmancik"
2,1,1,2,1,2,3,"Osmancik"
3,2,1,2,2,3,3,"Osmancik"
2,1,1,2,2,2,3,"Osmancik"
1,1,1,2,1,1,3,"Osmancik"
2,1,1,2,1,2,3,"Osmancik"
3,2,2,1,6,3,3,"Osmancik"
1,1,1,1,1,1,3,"Osmancik"
3,2,1,3,1,3,3,"Osmancik"
1,1,1,1,5,1,3,"Osmancik"
3,1,1,3,1,3,3,"Osmancik"
1,1,1,1,2,1,3,"Osmancik"
2,1,1,2,1,2,3,"Osmancik"
1,1,1,1,2,1,3,"Osmancik"
1,1,1,1,5,1,3,"Osmancik"
2,2,1,2,3,2,3,"Osmancik"
1,1,1,2,1,2,3,"Osmancik"
3,2,1,2,2,3,3,"Osmancik"
2,2,2,1,5,2,2,"Osmancik"
3,2,1,2,2,3,3,"Osmancik"
3,2,1,2,1,3,3,"Osmancik"
2,3,1,2,3,2,2,"Osmancik"
2,2,2,1,5,2,3,"Osmancik"
1,1,1,1,4,1,3,"Osmancik"
3,3,2,1,6,3,1,"Osmancik"
1,1,1,1,2,1,3,"Osmancik"
2,1,1,1,4,2,3,"Osmancik"
1,1,1,2,1,1,3,"Osmancik"
1,1,1,1,2,1,2,"Osmancik"
1,1,1,1,5,1,3,"Osmancik"
1,1,1,1,2,1,3,"Osmancik"
1,2,2,1,6,1,3,"Osmancik"
1,1,1,1,2,1,3,"Osmancik"
1,1,1,1,2,1,3,"Osmancik"
3,3,2,2,2,3,3,"Osmancik"
3,3,1,3,1,3,3,"Osmancik"
1,1,1,1,2,1,3,"Osmancik"
1,1,1,1,3,1,3,"Osmancik"
1,1,1,1,5,1,3,"Osmancik"
5,5,4,3,5,5,3,"Osmancik"
3,3,2,1,6,3,2,"Osmancik"
3,1,1,2,3,2,3,"Osmancik"
1,1,1,2,1,1,3,"Osmancik"
1,1,1,1,5,1,3,"Osmancik"
3,2,1,3,1,3,3,"Osmancik"
6,6,4,3,3,6,3,"Osmancik"
1,1,1,2,1,1,3,"Osmancik"
1,1,1,2,1,1,3,"Osmancik"
4,4,2,3,2,4,3,"Osmancik"
3,3,1,3,1,3,3,"Osmancik"
1,1,1,2,1,1,3,"Osmancik"
3,3,1,3,1,4,3,"Osmancik"
1,1,1,2,1,2,3,"Osmancik"
1,1,1,2,1,1,3,"Osmancik"
2,1,1,2,1,2,3,"Osmancik"
3,3,3,2,5,3,3,"Osmancik"
1,1,1,1,1,1,3,"Osmancik"
3,2,1,3,1,3,3,"Osmancik"
3,3,2,2,4,3,3,"Osmancik"
1,1,1,2,1,1,3,"Osmancik"
3,2,1,2,2,3,3,"Osmancik"
1,1,1,1,1,1,3,"Osmancik"
3,2,2,2,4,3,3,"Osmancik"
1,1,1,1,4,1,3,"Osmancik"
1,1,1,2,1,1,3,"Osmancik"
3,2,1,2,2,3,3,"Osmancik"
1,1,1,1,3,1,3,"Osmancik"
3,1,1,3,1,3,3,"Osmancik"
3,3,1,3,1,4,3,"Osmancik"
2,1,1,2,1,2,3,"Osmancik"
1,1,1,2,1,1,3,"Osmancik"
2,1,1,2,2,2,3,"Osmancik"
1,1,1,1,3,1,3,"Osmancik"
1,1,1,1,1,1,3,"Osmancik"
1,1,1,1,5,1,3,"Osmancik"
3,2,1,3,1,3,3,"Osmancik"
1,1,1,2,1,1,3,"Osmancik"
3,2,1,3,1,3,3,"Osmancik"
2,1,1,2,1,2,3,"Osmancik"
1,1,1,1,5,1,3,"Osmancik"
1,1,1,2,2,1,3,"Osmancik"
1,1,1,1,2,1,3,"Osmancik"
3,3,2,2,3,3,2,"Osmancik"
1,1,1,1,3,1,3,"Osmancik"
1,1,1,1,5,1,2,"Osmancik"
1,2,2,1,5,1,2,"Osmancik"
2,3,2,1,5,2,2,"Osmancik"
1,1,1,2,1,1,3,"Osmancik"
4,4,2,3,1,4,3,"Osmancik"
1,1,1,2,1,1,3,"Osmancik"
3,2,1,3,1,3,3,"Osmancik"
1,1,1,1,4,1,3,"Osmancik"
1,1,1,2,1,1,3,"Osmancik"
6,5,2,4,1,6,3,"Osmancik"
1,1,1,1,5,1,3,"Osmancik"
1,1,1,1,2,1,3,"Osmancik"
4,4,2,2,4,4,3,"Osmancik"
2,1,1,2,2,2,3,"Osmancik"
3,2,1,3,1,3,3,"Osmancik"
1,1,1,1,2,1,3,"Osmancik"
3,2,1,2,3,2,3,"Osmancik"
1,1,1,1,2,1,3,"Osmancik"
3,1,1,3,1,3,3,"Osmancik"
2,2,2,1,5,2,3,"Osmancik"
1,1,1,2,1,1,3,"Osmancik"
5,3,2,4,1,5,3,"Osmancik"
1,1,1,1,2,1,3,"Osmancik"
3,3,1,3,1,3,3,"Osmancik"
2,1,1,2,1,2,3,"Osmancik"
5,3,2,4,1,5,3,"Osmancik"
2,1,1,2,2,2,3,"Osmancik"
3,2,2,1,5,2,3,"Osmancik"
3,2,1,3,1,3,3,"Osmancik"
1,1,1,1,5,1,3,"Osmancik"
3,4,3,1,6,3,3,"Osmancik"
2,2,1,2,2,2,3,"Osmancik"
2,2,1,2,2,2,3,"Osmancik"
2,1,1,1,4,2,3,"Osmancik"
3,3,3,1,6,3,3,"Osmancik"
3,2,2,1,5,2,3,"Osmancik"
2,1,1,2,1,2,3,"Osmancik"
3,2,1,2,1,3,3,"Osmancik"
4,3,2,3,2,4,3,"Osmancik"
3,2,1,3,1,3,3,"Osmancik"
2,1,1,2,1,2,3,"Osmancik"
1,1,1,1,4,1,3,"Osmancik"
1,1,1,2,1,1,3,"Osmancik"
3,1,1,2,3,2,3,"Osmancik"
2,1,1,2,2,2,3,"Osmancik"
5,5,3,3,2,5,3,"Osmancik"
1,1,1,1,5,1,3,"Osmancik"
1,1,1,1,3,1,3,"Osmancik"
5,4,2,3,1,5,3,"Osmancik"
1,1,1,1,3,1,3,"Osmancik"
3,2,1,2,1,3,3,"Osmancik"
3,2,2,2,3,3,3,"Osmancik"
1,1,1,2,1,1,3,"Osmancik"
3,2,1,3,1,3,3,"Osmancik"
3,2,1,3,1,3,3,"Osmancik"
5,5,3,3,3,5,2,"Osmancik"
4,4,3,2,5,4,3,"Osmancik"
4,3,1,3,1,4,3,"Osmancik"
4,4,4,2,5,4,3,"Osmancik"
3,3,2,2,5,3,3,"Osmancik"
3,3,2,2,2,3,2,"Osmancik"
4,4,3,2,5,4,2,"Osmancik"
3,3,3,2,5,3,2,"Osmancik"
3,2,1,3,1,3,3,"Osmancik"
6,5,3,3,1,5,3,"Osmancik"
1,1,1,3,1,1,3,"Osmancik"
3,2,1,2,1,3,3,"Osmancik"
3,2,1,3,1,3,3,"Osmancik"
4,3,1,3,1,4,3,"Osmancik"
3,3,2,2,3,3,3,"Osmancik"
1,1,1,1,2,1,3,"Osmancik"
3,3,1,2,2,3,3,"Osmancik"
3,2,1,3,1,3,3,"Osmancik"
3,2,2,2,3,3,3,"Osmancik"
2,2,2,1,5,2,3,"Osmancik"
3,2,1,3,1,3,3,"Osmancik"
1,1,1,1,6,1,3,"Osmancik"
1,1,1,1,2,1,3,"Osmancik"
3,3,2,2,3,3,3,"Osmancik"
5,6,5,2,6,5,3,"Osmancik"
2,2,2,1,5,2,2,"Osmancik"
3,2,1,3,1,3,3,"Osmancik"
3,2,1,3,1,3,3,"Osmancik"
3,1,1,2,1,2,3,"Osmancik"
4,3,1,3,1,4,3,"Osmancik"
1,1,1,2,1,1,3,"Osmancik"
5,4,2,3,1,5,3,"Osmancik"
1,1,1,1,6,1,3,"Osmancik"
1,1,1,1,2,1,3,"Osmancik"
2,1,1,2,1,2,3,"Osmancik"
3,2,2,2,4,3,3,"Osmancik"
4,3,1,3,1,4,3,"Osmancik"
2,2,1,2,1,3,3,"Osmancik"
3,2,1,2,2,3,3,"Osmancik"
1,1,1,2,1,1,3,"Osmancik"
1,1,1,2,1,2,3,"Osmancik"
3,5,4,1,6,3,3,"Osmancik"
1,1,1,3,1,1,3,"Osmancik"
4,2,1,3,1,4,3,"Osmancik"
1,1,1,1,1,1,3,"Osmancik"
4,3,1,3,1,3,3,"Osmancik"
1,1,1,1,3,1,3,"Osmancik"
1,1,1,1,5,1,3,"Osmancik"
3,2,1,2,2,3,3,"Osmancik"
3,2,2,1,6,3,2,"Osmancik"
3,2,1,3,1,3,3,"Osmancik"
2,2,1,2,1,2,3,"Osmancik"
2,2,1,2,3,2,3,"Osmancik"
1,1,1,2,1,1,3,"Osmancik"
3,2,2,2,3,3,3,"Osmancik"
2,1,1,2,1,2,3,"Osmancik"
1,1,1,2,1,1,3,"Osmancik"
1,1,1,1,3,1,3,"Osmancik"
3,2,1,2,1,3,3,"Osmancik"
3,2,1,2,1,3,3,"Osmancik"
3,1,1,2,1,2,3,"Osmancik"
3,2,1,3,1,3,3,"Osmancik"
5,4,2,3,1,5,3,"Osmancik"
2,2,1,2,2,2,3,"Osmancik"
3,2,1,2,2,3,3,"Osmancik"
6,6,4,3,4,6,3,"Osmancik"
2,1,1,2,2,2,3,"Osmancik"
3,2,1,2,1,3,3,"Osmancik"
2,1,1,2,2,2,3,"Osmancik"
2,1,1,2,2,2,3,"Osmancik"
4,3,2,3,2,4,3,"Osmancik"
3,2,1,2,1,3,3,"Osmancik"
3,2,1,2,2,3,3,"Osmancik"
2,1,1,2,1,2,3,"Osmancik"
4,3,2,3,1,4,3,"Osmancik"
1,1,1,1,3,1,3,"Osmancik"
3,2,1,3,1,3,3,"Osmancik"
2,2,2,1,5,2,2,"Osmancik"
3,3,2,2,5,3,3,"Osmancik"
1,1,1,1,3,1,3,"Osmancik"
2,2,2,1,5,2,3,"Osmancik"
3,2,2,2,4,2,3,"Osmancik"
1,1,1,1,4,1,3,"Osmancik"
1,1,1,2,1,1,3,"Osmancik"
3,3,2,2,2,3,3,"Osmancik"
1,1,1,1,4,1,3,"Osmancik"
1,2,1,1,5,1,3,"Osmancik"
1,1,2,1,6,1,3,"Osmancik"
1,1,1,2,1,1,3,"Osmancik"
2,1,1,2,2,2,3,"Osmancik"
1,1,1,2,1,1,3,"Osmancik"
1,1,1,2,1,2,3,"Osmancik"
2,1,1,1,4,1,3,"Osmancik"
1,1,1,1,5,1,3,"Osmancik"
1,1,1,1,4,1,3,"Osmancik"
1,1,1,1,2,1,3,"Osmancik"
3,2,1,3,1,3,3,"Osmancik"
1,1,1,2,1,1,3,"Osmancik"
3,2,2,1,5,2,3,"Osmancik"
1,1,1,2,1,1,3,"Osmancik"
3,2,1,3,1,3,3,"Osmancik"
1,1,2,1,6,1,3,"Osmancik"
2,1,1,2,1,2,3,"Osmancik"
3,3,2,2,3,3,3,"Osmancik"
3,2,1,2,1,3,3,"Osmancik"
2,2,1,1,4,2,3,"Osmancik"
3,3,2,1,5,3,2,"Osmancik"
3,3,3,1,6,3,3,"Osmancik"
3,2,2,3,1,3,3,"Osmancik"
1,1,1,2,1,1,3,"Osmancik"
2,2,2,1,6,1,2,"Osmancik"
3,2,1,2,2,3,3,"Osmancik"
3,2,2,2,4,2,3,"Osmancik"
2,1,1,2,1,2,3,"Osmancik"
1,1,1,1,2,1,3,"Osmancik"
1,1,1,1,6,1,1,"Osmancik"
1,1,1,1,5,1,3,"Osmancik"
1,1,1,2,3,2,3,"Osmancik"
3,3,1,2,1,3,3,"Osmancik"
3,2,1,3,1,3,3,"Osmancik"
2,1,1,2,1,2,3,"Osmancik"
1,1,1,1,2,1,3,"Osmancik"
3,1,1,2,2,3,3,"Osmancik"
2,1,1,2,1,2,3,"Osmancik"
3,2,2,1,5,3,3,"Osmancik"
3,3,2,2,4,3,3,"Osmancik"
2,2,1,1,4,2,2,"Osmancik"
4,2,1,3,1,4,3,"Osmancik"
1,2,2,1,6,1,2,"Osmancik"
1,1,1,1,1,1,3,"Osmancik"
3,2,1,3,1,3,3,"Osmancik"
1,1,1,1,3,1,3,"Osmancik"
1,1,1,1,5,1,3,"Osmancik"
4,2,1,3,1,4,3,"Osmancik"
2,1,1,2,2,2,3,"Osmancik"
2,1,1,2,2,2,3,"Osmancik"
2,1,1,2,1,2,3,"Osmancik"
1,1,1,1,1,1,3,"Osmancik"
1,1,1,1,3,1,3,"Osmancik"
1,1,1,1,3,1,3,"Osmancik"
1,1,1,2,1,1,3,"Osmancik"
5,4,1,4,1,5,3,"Osmancik"
3,2,2,2,2,3,3,"Osmancik"
1,1,1,2,1,1,3,"Osmancik"
3,1,1,2,1,3,3,"Osmancik"
1,1,1,1,2,1,3,"Osmancik"
1,1,1,1,2,1,3,"Osmancik"
1,1,1,1,5,1,3,"Osmancik"
2,3,3,1,6,2,2,"Osmancik"
4,3,2,3,2,4,3,"Osmancik"
3,2,2,2,3,3,3,"Osmancik"
3,2,1,2,1,3,3,"Osmancik"
3,2,1,3,1,3,3,"Osmancik"
2,2,1,1,4,2,3,"Osmancik"
1,1,1,1,2,1,3,"Osmancik"
1,1,1,2,1,1,3,"Osmancik"
1,1,1,1,1,1,3,"Osmancik"
1,1,1,1,1,1,3,"Osmancik"
1,1,1,1,3,1,3,"Osmancik"
2,2,2,1,6,2,3,"Osmancik"
2,1,1,2,1,2,3,"Osmancik"
1,1,1,1,2,1,3,"Osmancik"
1,1,1,2,2,1,3,"Osmancik"
2,2,1,1,3,2,3,"Osmancik"
3,2,1,3,1,3,3,"Osmancik"
1,2,1,1,5,1,3,"Osmancik"
3,3,1,3,1,4,3,"Osmancik"
4,4,2,3,2,4,3,"Osmancik"
1,1,1,2,1,1,3,"Osmancik"
1,1,1,1,5,1,3,"Osmancik"
1,1,1,1,2,1,3,"Osmancik"
1,1,1,2,1,2,3,"Osmancik"
1,1,1,1,3,1,3,"Osmancik"
1,1,1,2,1,1,3,"Osmancik"
3,2,1,2,1,3,3,"Osmancik"
4,4,1,3,1,4,3,"Osmancik"
1,1,1,1,3,1,3,"Osmancik"
2,1,1,2,1,2,3,"Osmancik"
1,2,1,1,3,2,3,"Osmancik"
3,2,1,3,1,3,3,"Osmancik"
1,1,1,2,1,1,3,"Osmancik"
3,3,2,1,5,3,2,"Osmancik"
3,2,1,2,2,3,3,"Osmancik"
3,2,1,2,3,3,3,"Osmancik"
3,2,1,2,2,3,3,"Osmancik"
3,4,3,1,6,2,3,"Osmancik"
5,5,2,3,2,5,3,"Osmancik"
1,1,1,1,6,1,3,"Osmancik"
1,1,1,2,2,1,3,"Osmancik"
1,1,1,1,4,1,3,"Osmancik"
2,1,1,1,3,2,3,"Osmancik"
1,1,1,1,2,1,3,"Osmancik"
2,1,1,2,1,2,3,"Osmancik"
1,1,1,1,5,1,2,"Osmancik"
1,1,1,1,1,1,3,"Osmancik"
1,1,1,1,3,1,2,"Osmancik"
1,1,1,1,6,1,2,"Osmancik"
4,4,2,3,1,4,3,"Osmancik"
1,1,1,1,4,1,3,"Osmancik"
1,1,1,2,1,1,3,"Osmancik"
1,1,1,1,1,1,3,"Osmancik"
3,2,1,2,1,3,3,"Osmancik"
1,1,1,1,5,1,3,"Osmancik"
6,6,5,3,4,6,3,"Osmancik"
1,1,1,2,1,1,3,"Osmancik"
3,1,1,3,1,2,3,"Osmancik"
1,1,1,1,6,1,3,"Osmancik"
2,1,1,1,4,2,3,"Osmancik"
3,1,1,2,2,2,3,"Osmancik"
4,3,1,3,1,4,3,"Osmancik"
1,1,1,1,4,1,2,"Osmancik"
1,1,1,1,3,1,3,"Osmancik"
1,1,1,1,3,2,3,"Osmancik"
4,3,2,3,2,4,3,"Osmancik"
2,2,1,1,4,2,3,"Osmancik"
2,1,1,2,1,2,3,"Osmancik"
1,1,1,1,1,1,3,"Osmancik"
3,2,2,1,5,2,3,"Osmancik"
2,3,2,1,6,2,3,"Osmancik"
3,2,1,2,2,3,3,"Osmancik"
3,4,4,1,6,3,3,"Osmancik"
3,2,2,2,4,2,3,"Osmancik"
3,3,2,2,4,3,3,"Osmancik"
1,1,1,1,2,1,3,"Osmancik"
3,2,1,2,1,3,3,"Osmancik"
3,1,1,2,1,2,3,"Osmancik"
1,1,2,1,6,1,3,"Osmancik"
1,1,1,2,2,2,3,"Osmancik"
2,2,2,1,5,2,3,"Osmancik"
3,2,1,2,2,3,3,"Osmancik"
2,2,1,1,4,2,3,"Osmancik"
1,1,1,1,2,1,3,"Osmancik"
3,2,1,2,1,3,3,"Osmancik"
1,1,1,1,5,1,2,"Osmancik"
3,2,1,3,1,3,3,"Osmancik"
3,1,1,3,1,3,3,"Osmancik"
3,3,2,2,3,3,3,"Osmancik"
1,1,1,1,3,1,3,"Osmancik"
3,2,1,2,2,3,3,"Osmancik"
1,1,1,1,4,1,3,"Osmancik"
3,2,1,3,1,3,3,"Osmancik"
1,1,1,2,1,1,3,"Osmancik"
3,2,1,3,1,3,3,"Osmancik"
1,1,1,1,2,1,3,"Osmancik"
3,3,2,2,4,3,3,"Osmancik"
3,2,1,3,1,3,3,"Osmancik"
2,2,1,1,5,2,3,"Osmancik"
2,1,1,3,1,2,3,"Osmancik"
3,2,2,2,3,3,3,"Osmancik"
3,2,2,2,4,2,3,"Osmancik"
4,3,1,3,1,4,3,"Osmancik"
3,3,2,2,5,3,3,"Osmancik"
3,1,1,3,1,2,3,"Osmancik"
3,3,2,2,3,3,3,"Osmancik"
4,6,5,1,6,5,1,"Osmancik"
3,2,1,3,1,3,3,"Osmancik"
1,1,1,1,3,1,3,"Osmancik"
1,1,1,2,1,1,3,"Osmancik"
6,6,2,4,1,6,3,"Osmancik"
2,2,1,2,3,2,2,"Osmancik"
3,4,2,2,2,4,3,"Osmancik"
4,3,1,3,1,4,3,"Osmancik"
1,1,1,2,1,1,3,"Osmancik"
5,4,1,4,1,5,3,"Osmancik"
3,2,2,2,3,3,3,"Osmancik"
4,5,4,2,5,4,2,"Osmancik"
4,5,3,2,5,4,3,"Osmancik"
3,2,2,1,5,3,2,"Osmancik"
4,3,1,4,1,4,3,"Osmancik"
3,4,2,2,3,3,3,"Osmancik"
2,1,1,2,1,2,3,"Osmancik"
3,2,1,3,1,3,3,"Osmancik"
3,5,4,2,6,4,2,"Osmancik"
3,4,2,2,5,3,3,"Osmancik"
5,5,4,2,4,5,2,"Osmancik"
2,2,1,1,4,2,2,"Osmancik"
4,4,2,2,3,4,3,"Osmancik"
3,1,1,2,1,2,3,"Osmancik"
1,1,1,2,1,1,3,"Osmancik"
2,1,1,2,2,2,3,"Osmancik"
1,1,1,1,1,1,3,"Osmancik"
4,2,2,3,2,3,3,"Osmancik"
1,1,1,1,2,1,3,"Osmancik"
3,1,1,3,1,2,3,"Osmancik"
3,2,1,3,1,3,3,"Osmancik"
3,2,1,3,1,3,3,"Osmancik"
2,2,1,2,3,2,3,"Osmancik"
1,1,1,2,1,1,3,"Osmancik"
3,2,1,2,2,3,3,"Osmancik"
1,1,1,2,1,1,3,"Osmancik"
1,1,1,2,1,1,3,"Osmancik"
2,2,1,2,3,2,3,"Osmancik"
3,4,2,2,5,3,3,"Osmancik"
2,1,1,2,1,2,3,"Osmancik"
3,2,1,2,2,3,3,"Osmancik"
3,2,1,2,1,3,3,"Osmancik"
1,1,1,1,5,1,2,"Osmancik"
2,1,1,2,1,2,3,"Osmancik"
4,3,1,3,1,3,3,"Osmancik"
1,1,1,1,3,1,2,"Osmancik"
4,3,1,3,1,4,3,"Osmancik"
5,3,1,4,1,5,3,"Osmancik"
1,2,3,1,6,1,3,"Osmancik"
1,1,1,1,3,1,3,"Osmancik"
1,1,1,1,6,1,3,"Osmancik"
2,1,1,3,1,2,3,"Osmancik"
4,3,2,2,3,3,3,"Osmancik"
1,1,1,1,5,1,3,"Osmancik"
4,3,2,3,2,4,3,"Osmancik"
3,3,1,3,1,3,3,"Osmancik"
1,1,1,2,1,1,3,"Osmancik"
1,1,1,1,1,1,3,"Osmancik"
1,1,1,2,1,2,3,"Osmancik"
1,1,2,1,6,1,2,"Osmancik"
1,1,1,2,1,1,3,"Osmancik"
3,2,1,2,1,3,3,"Osmancik"
3,3,2,2,3,3,3,"Osmancik"
4,3,2,3,1,4,3,"Osmancik"
4,2,1,4,1,4,3,"Osmancik"
4,4,2,3,2,4,3,"Osmancik"
2,2,1,2,2,2,2,"Osmancik"
2,1,1,2,1,2,3,"Osmancik"
1,1,1,2,1,2,3,"Osmancik"
2,1,1,2,1,2,3,"Osmancik"
3,3,2,2,3,3,3,"Osmancik"
1,2,1,1,5,1,3,"Osmancik"
1,1,1,1,1,1,3,"Osmancik"
3,2,1,3,1,3,3,"Osmancik"
3,3,3,2,5,3,2,"Osmancik"
1,1,2,1,6,1,1,"Osmancik"
3,4,2,2,3,3,3,"Osmancik"
1,1,1,1,2,1,3,"Osmancik"
6,5,2,4,1,6,3,"Osmancik"
3,2,1,2,2,3,3,"Osmancik"
1,1,1,1,4,1,3,"Osmancik"
2,1,1,2,2,2,3,"Osmancik"
1,1,1,2,1,1,3,"Osmancik"
5,4,2,3,1,5,3,"Osmancik"
1,1,1,1,5,1,3,"Osmancik"
1,1,1,1,5,1,3,"Osmancik"
3,2,1,3,1,3,3,"Osmancik"
1,1,1,1,3,1,3,"Osmancik"
1,1,1,1,3,1,3,"Osmancik"
1,1,1,2,1,1,3,"Osmancik"
1,1,1,1,6,1,3,"Osmancik"
2,1,1,2,1,2,3,"Osmancik"
5,4,2,3,3,4,2,"Osmancik"
1,1,1,1,6,1,2,"Osmancik"
1,1,1,2,1,1,3,"Osmancik"
2,2,1,2,2,2,3,"Osmancik"
1,1,1,1,5,1,3,"Osmancik"
3,3,1,3,1,3,3,"Osmancik"
1,1,1,1,6,1,1,"Osmancik"
2,2,1,2,2,2,3,"Osmancik"
4,5,3,2,4,4,2,"Osmancik"
3,2,1,2,3,3,3,"Osmancik"
1,1,1,2,2,1,3,"Osmancik"
2,1,1,2,2,2,3,"Osmancik"
1,1,1,1,3,1,3,"Osmancik"
1,1,1,1,3,1,3,"Osmancik"
1,1,1,1,1,1,3,"Osmancik"
3,2,2,2,4,3,2,"Osmancik"
3,2,1,2,1,2,3,"Osmancik"
3,4,4,2,5,3,3,"Osmancik"
2,2,1,2,3,2,3,"Osmancik"
6,6,6,2,6,5,1,"Osmancik"
1,1,1,2,2,2,3,"Osmancik"
3,2,1,2,1,3,3,"Osmancik"
2,1,1,2,1,2,3,"Osmancik"
2,1,1,2,2,2,3,"Osmancik"
4,4,3,2,5,4,3,"Osmancik"
1,1,1,2,1,1,3,"Osmancik"
1,1,1,1,2,1,3,"Osmancik"
1,1,1,1,3,1,3,"Osmancik"
1,1,1,2,1,1,3,"Osmancik"
3,1,1,2,1,3,3,"Osmancik"
3,2,1,2,2,3,3,"Osmancik"
3,1,1,2,4,2,3,"Osmancik"
1,1,1,1,1,1,3,"Osmancik"
3,2,1,3,1,3,3,"Osmancik"
3,2,1,2,2,2,3,"Osmancik"
1,1,1,1,2,1,3,"Osmancik"
1,1,1,2,1,1,3,"Osmancik"
2,1,1,2,1,2,3,"Osmancik"
3,3,2,2,2,3,3,"Osmancik"
1,1,1,2,1,1,3,"Osmancik"
1,1,1,1,3,1,3,"Osmancik"
2,2,1,2,3,2,3,"Osmancik"
1,1,1,2,1,1,3,"Osmancik"
4,3,1,3,1,4,3,"Osmancik"
1,1,1,1,6,1,3,"Osmancik"
3,3,1,3,2,3,3,"Osmancik"
1,1,1,1,1,1,3,"Osmancik"
1,1,1,2,1,1,3,"Osmancik"
1,1,1,1,2,1,3,"Osmancik"
4,5,4,2,5,4,3,"Osmancik"
1,1,1,1,3,1,3,"Osmancik"
3,2,2,2,3,3,3,"Osmancik"
1,1,1,1,1,1,3,"Osmancik"
3,2,2,2,5,3,3,"Osmancik"
3,2,1,3,1,3,3,"Osmancik"
3,2,1,2,2,3,3,"Osmancik"
4,3,2,3,1,4,3,"Osmancik"
2,2,2,1,5,2,3,"Osmancik"
1,1,1,1,5,1,3,"Osmancik"
1,1,1,1,2,1,3,"Osmancik"
2,2,1,2,2,2,3,"Osmancik"
3,2,1,2,1,3,3,"Osmancik"
3,2,1,3,1,3,3,"Osmancik"
1,1,1,2,1,1,3,"Osmancik"
1,1,1,1,6,1,3,"Osmancik"
1,1,1,1,4,1,3,"Osmancik"
3,4,2,2,2,3,3,"Osmancik"
1,1,1,1,2,1,3,"Osmancik"
3,4,3,2,5,3,2,"Osmancik"
3,3,2,3,1,3,3,"Osmancik"
1,1,1,1,2,1,3,"Osmancik"
1,1,1,2,1,1,3,"Osmancik"
1,1,1,2,2,1,3,"Osmancik"
1,1,1,1,1,1,3,"Osmancik"
1,1,1,1,4,1,2,"Osmancik"
1,1,1,1,2,1,3,"Osmancik"
1,1,1,1,4,1,3,"Osmancik"
4,3,2,3,3,4,3,"Osmancik"
1,1,1,1,5,1,3,"Osmancik"
2,1,1,2,2,2,3,"Osmancik"
1,1,1,1,2,1,3,"Osmancik"
2,1,1,2,2,2,3,"Osmancik"
4,3,2,3,2,3,3,"Osmancik"
1,1,1,1,5,1,2,"Osmancik"
3,2,1,3,1,3,3,"Osmancik"
2,2,2,1,5,2,3,"Osmancik"
1,1,1,2,1,2,3,"Osmancik"
2,2,1,1,4,2,3,"Osmancik"
2,2,2,1,5,2,2,"Osmancik"
2,2,1,2,2,2,3,"Osmancik"
1,1,1,1,5,1,3,"Osmancik"
1,1,1,1,3,1,3,"Osmancik"
3,2,2,2,4,2,3,"Osmancik"
1,1,2,1,6,1,1,"Osmancik"
1,1,1,1,1,1,3,"Osmancik"
1,1,1,1,1,1,3,"Osmancik"
1,1,1,1,3,1,3,"Osmancik"
1,1,1,1,6,1,3,"Osmancik"
1,1,1,1,3,1,3,"Osmancik"
2,1,1,1,5,2,2,"Osmancik"
3,4,4,2,6,3,3,"Osmancik"
1,1,1,1,3,1,3,"Osmancik"
3,3,2,2,5,3,3,"Osmancik"
3,2,1,3,1,3,3,"Osmancik"
3,3,1,3,1,3,3,"Osmancik"
1,1,1,1,3,1,3,"Osmancik"
1,1,1,2,1,1,3,"Osmancik"
2,1,1,3,1,2,3,"Osmancik"
3,2,1,3,1,3,3,"Osmancik"
3,2,1,3,1,3,3,"Osmancik"
1,1,1,1,3,1,3,"Osmancik"
3,2,1,3,1,3,3,"Osmancik"
2,1,1,2,2,2,3,"Osmancik"
2,1,1,2,2,2,3,"Osmancik"
1,1,1,1,3,1,3,"Osmancik"
1,1,1,1,3,1,3,"Osmancik"
1,1,1,1,3,1,3,"Osmancik"
3,2,1,2,2,3,3,"Osmancik"
1,1,1,1,4,1,2,"Osmancik"
1,1,1,1,2,1,3,"Osmancik"
3,3,2,2,3,3,3,"Osmancik"
1,1,1,1,1,1,3,"Osmancik"
1,1,1,1,4,1,3,"Osmancik"
5,5,2,3,2,5,3,"Osmancik"
1,1,1,2,1,1,3,"Osmancik"
1,1,1,2,1,1,3,"Osmancik"
1,1,1,2,1,1,3,"Osmancik"
3,2,1,2,1,3,3,"Osmancik"
4,5,5,1,6,4,2,"Osmancik"
1,1,1,1,3,1,3,"Osmancik"
1,1,1,1,3,1,3,"Osmancik"
3,2,1,3,1,3,3,"Osmancik"
1,1,1,2,1,1,3,"Osmancik"
1,1,1,1,2,1,3,"Osmancik"
4,4,2,3,2,4,3,"Osmancik"
3,3,2,2,4,3,3,"Osmancik"
2,3,2,1,6,2,2,"Osmancik"
3,3,2,1,5,2,3,"Osmancik"
1,1,1,1,5,1,3,"Osmancik"
3,1,1,2,1,2,3,"Osmancik"
3,2,1,4,1,3,3,"Osmancik"
3,2,1,2,2,3,3,"Osmancik"
3,2,1,2,2,3,3,"Osmancik"
1,1,1,2,1,1,3,"Osmancik"
4,3,2,3,1,4,3,"Osmancik"
1,1,1,1,2,1,3,"Osmancik"
3,3,2,2,5,3,3,"Osmancik"
2,1,1,3,1,2,3,"Osmancik"
3,1,1,2,1,2,3,"Osmancik"
1,1,1,2,1,2,3,"Osmancik"
5,4,2,3,3,5,3,"Osmancik"
2,2,1,2,3,2,3,"Osmancik"
1,1,1,1,6,1,3,"Osmancik"
1,1,1,1,3,1,3,"Osmancik"
1,1,1,1,3,1,3,"Osmancik"
3,2,1,2,2,3,3,"Osmancik"
3,3,2,1,5,3,3,"Osmancik"
3,2,1,2,1,3,3,"Osmancik"
1,1,1,1,3,1,3,"Osmancik"
3,3,3,1,6,3,3,"Osmancik"
3,2,1,2,2,3,3,"Osmancik"
3,2,1,3,1,3,3,"Osmancik"
3,2,2,2,3,2,3,"Osmancik"
1,1,1,1,3,1,3,"Osmancik"
3,3,2,2,4,3,3,"Osmancik"
1,1,1,1,3,1,3,"Osmancik"
3,3,2,2,3,3,3,"Osmancik"
1,1,1,1,1,1,3,"Osmancik"
3,3,2,3,1,3,3,"Osmancik"
3,2,2,2,5,3,3,"Osmancik"
3,1,1,2,1,3,3,"Osmancik"
1,1,1,3,1,1,3,"Osmancik"
5,3,1,4,1,5,3,"Osmancik"
3,3,2,2,4,3,3,"Osmancik"
5,6,5,2,6,5,3,"Osmancik"
5,6,5,2,6,5,3,"Osmancik"
3,2,2,2,4,2,3,"Osmancik"
2,3,2,1,6,2,3,"Osmancik"
3,2,1,3,1,3,3,"Osmancik"
1,1,2,1,6,1,3,"Osmancik"
3,3,2,2,4,3,3,"Osmancik"
3,3,2,2,4,3,3,"Osmancik"
1,1,1,1,3,1,3,"Osmancik"
3,2,1,3,1,3,3,"Osmancik"
3,2,1,3,1,3,3,"Osmancik"
5,3,2,4,1,5,3,"Osmancik"
1,2,2,1,6,1,1,"Osmancik"
4,3,3,2,5,4,3,"Osmancik"
3,2,2,2,3,3,3,"Osmancik"
3,3,2,2,5,3,3,"Osmancik"
3,2,1,3,1,3,3,"Osmancik"
3,2,1,3,1,3,3,"Osmancik"
2,2,1,2,3,2,2,"Osmancik"
3,2,2,2,3,3,3,"Osmancik"
3,2,1,3,1,3,3,"Osmancik"
2,2,2,1,5,2,2,"Osmancik"
2,3,4,1,6,2,1,"Osmancik"
2,1,1,2,1,2,3,"Osmancik"
3,2,2,3,2,3,3,"Osmancik"
1,1,1,1,5,1,1,"Osmancik"
5,5,5,2,6,5,3,"Osmancik"
3,1,1,2,2,2,3,"Osmancik"
2,1,1,4,1,2,3,"Osmancik"
3,2,2,2,2,3,3,"Osmancik"
4,5,4,1,6,4,3,"Osmancik"
1,1,1,2,1,1,3,"Osmancik"
4,5,4,1,6,4,3,"Osmancik"
5,5,2,3,1,5,3,"Osmancik"
3,2,1,4,1,3,3,"Osmancik"
1,1,1,2,2,1,3,"Osmancik"
2,2,1,2,2,2,3,"Osmancik"
1,1,1,1,5,1,3,"Osmancik"
3,2,2,2,5,3,3,"Osmancik"
3,6,5,1,6,3,3,"Osmancik"
2,1,1,2,1,2,3,"Osmancik"
4,5,4,2,5,4,2,"Osmancik"
3,2,2,2,3,3,3,"Osmancik"
2,2,2,1,4,2,3,"Osmancik"
2,2,1,2,3,2,3,"Osmancik"
3,1,1,3,1,2,3,"Osmancik"
2,2,2,1,5,2,3,"Osmancik"
1,1,1,2,1,1,3,"Osmancik"
1,1,1,1,3,1,3,"Osmancik"
1,1,1,1,5,1,3,"Osmancik"
2,1,1,2,1,2,3,"Osmancik"
3,2,1,3,1,3,3,"Osmancik"
1,1,1,1,6,1,3,"Osmancik"
5,4,2,3,2,5,3,"Osmancik"
3,4,4,2,6,3,2,"Osmancik"
1,1,1,2,1,1,3,"Osmancik"
1,1,1,3,1,2,3,"Osmancik"
1,1,1,1,3,1,3,"Osmancik"
3,2,1,3,1,2,2,"Osmancik"
6,6,5,4,2,6,3,"Osmancik"
2,1,1,3,1,2,3,"Osmancik"
5,4,2,4,1,5,3,"Osmancik"
2,2,2,1,5,2,3,"Osmancik"
4,3,2,3,2,4,3,"Osmancik"
3,2,1,3,1,3,3,"Osmancik"
4,5,4,2,6,4,2,"Osmancik"
3,2,2,2,4,2,3,"Osmancik"
3,2,1,3,1,3,3,"Osmancik"
1,1,1,1,2,1,3,"Osmancik"
4,4,3,2,5,3,2,"Osmancik"
4,4,2,3,2,4,3,"Osmancik"
4,4,3,2,5,4,3,"Osmancik"
1,1,1,2,1,1,3,"Osmancik"
3,2,1,3,1,3,3,"Osmancik"
1,1,1,1,1,1,3,"Osmancik"
1,2,2,1,5,2,3,"Osmancik"
1,1,1,1,2,1,3,"Osmancik"
1,1,1,1,6,1,3,"Osmancik"
1,1,1,1,4,1,3,"Osmancik"
1,1,1,1,2,1,3,"Osmancik"
3,1,1,2,2,2,3,"Osmancik"
1,1,1,1,5,1,3,"Osmancik"
1,1,1,2,2,2,3,"Osmancik"
2,2,2,1,6,2,3,"Osmancik"
3,2,1,2,3,3,3,"Osmancik"
2,3,2,1,6,2,3,"Osmancik"
2,1,1,2,1,2,3,"Osmancik"
1,1,1,1,6,1,2,"Osmancik"
3,2,1,2,2,3,3,"Osmancik"
3,4,2,2,4,3,2,"Osmancik"
2,1,1,2,3,2,3,"Osmancik"
1,1,1,1,1,1,3,"Osmancik"
4,4,2,2,4,4,3,"Osmancik"
2,3,2,1,6,2,3,"Osmancik"
1,1,1,1,1,1,3,"Osmancik"
2,2,1,1,4,2,2,"Osmancik"
5,3,1,3,1,4,3,"Osmancik"
3,2,1,2,2,3,3,"Osmancik"
1,1,1,1,1,1,3,"Osmancik"
1,1,1,1,2,1,3,"Osmancik"
1,1,1,1,3,1,3,"Osmancik"
2,1,1,2,2,2,3,"Osmancik"
1,1,1,1,3,1,3,"Osmancik"
1,1,1,1,3,1,3,"Osmancik"
1,1,1,1,1,1,3,"Osmancik"
3,4,4,1,6,3,3,"Osmancik"
1,1,1,1,5,1,2,"Osmancik"
1,1,1,2,1,1,3,"Osmancik"
2,1,1,2,2,2,3,"Osmancik"
3,2,1,3,1,3,3,"Osmancik"
2,2,2,1,4,2,3,"Osmancik"
1,1,2,1,6,1,3,"Osmancik"
4,4,4,2,5,4,3,"Osmancik"
1,1,2,1,6,1,3,"Osmancik"
1,1,1,1,1,1,3,"Osmancik"
3,2,1,2,1,3,3,"Osmancik"
2,1,1,2,1,2,3,"Osmancik"
1,1,1,2,1,1,3,"Osmancik"
3,3,2,2,4,3,3,"Osmancik"
3,1,1,3,1,3,3,"Osmancik"
1,1,1,1,4,1,3,"Osmancik"
2,1,1,2,1,2,3,"Osmancik"
3,2,1,2,1,3,3,"Osmancik"
1,1,1,1,4,1,3,"Osmancik"
1,1,1,1,3,1,3,"Osmancik"
2,1,1,2,1,2,3,"Osmancik"
3,2,2,2,4,2,2,"Osmancik"
1,1,1,1,6,1,2,"Osmancik"
4,5,4,2,6,4,3,"Osmancik"
1,1,1,1,1,1,3,"Osmancik"
3,3,2,2,2,3,3,"Osmancik"
2,2,2,1,6,2,2,"Osmancik"
3,2,1,3,1,3,3,"Osmancik"
3,4,4,1,6,3,3,"Osmancik"
2,1,1,1,3,1,3,"Osmancik"
3,3,2,2,3,3,3,"Osmancik"
3,3,2,1,6,3,3,"Osmancik"
1,1,1,2,1,1,3,"Osmancik"
3,2,1,3,1,3,3,"Osmancik"
1,1,1,2,1,1,3,"Osmancik"
2,1,1,2,1,2,3,"Osmancik"
1,1,1,1,2,1,3,"Osmancik"
1,1,1,1,1,1,3,"Osmancik"
1,1,1,1,3,1,3,"Osmancik"
1,1,1,2,1,1,3,"Osmancik"
1,1,2,1,6,1,2,"Osmancik"
2,1,1,2,1,2,3,"Osmancik"
2,1,1,3,1,2,3,"Osmancik"
1,2,1,1,4,2,3,"Osmancik"
3,2,1,3,1,3,3,"Osmancik"
3,3,2,2,3,3,3,"Osmancik"
1,1,1,1,4,1,2,"Osmancik"
1,1,1,1,4,1,3,"Osmancik"
1,1,1,1,5,1,2,"Osmancik"
1,1,1,1,2,1,3,"Osmancik"
2,1,1,3,1,2,3,"Osmancik"
1,1,1,2,1,1,3,"Osmancik"
3,2,1,2,2,3,3,"Osmancik"
3,2,1,2,2,3,3,"Osmancik"
1,1,1,2,2,1,3,"Osmancik"
4,3,2,3,2,4,3,"Osmancik"
1,1,1,1,2,1,3,"Osmancik"
1,1,1,1,2,1,3,"Osmancik"
1,1,1,2,1,1,3,"Osmancik"
1,1,1,1,3,1,3,"Osmancik"
1,1,1,1,3,1,3,"Osmancik"
2,2,2,1,6,2,3,"Osmancik"
1,1,1,1,2,1,3,"Osmancik"
1,1,1,1,3,1,3,"Osmancik"
4,5,5,2,6,4,1,"Osmancik"
1,1,1,1,3,1,3,"Osmancik"
1,1,1,1,5,1,2,"Osmancik"
2,1,1,2,1,2,3,"Osmancik"
1,1,1,1,1,1,3,"Osmancik"
3,1,1,3,1,3,3,"Osmancik"
3,2,1,2,2,3,3,"Osmancik"
1,1,1,1,1,1,3,"Osmancik"
1,1,1,2,1,1,3,"Osmancik"
1,1,1,1,5,1,3,"Osmancik"
1,1,1,1,1,1,3,"Osmancik"
3,2,1,2,1,3,3,"Osmancik"
1,1,1,1,2,1,3,"Osmancik"
4,3,1,3,1,4,3,"Osmancik"
2,3,2,1,6,2,2,"Osmancik"
2,2,1,2,3,2,3,"Osmancik"
3,2,1,3,1,3,3,"Osmancik"
2,2,1,2,3,2,3,"Osmancik"
3,2,1,3,1,3,3,"Osmancik"
3,3,2,1,6,2,3,"Osmancik"
3,1,1,2,2,2,3,"Osmancik"
2,2,1,2,3,2,3,"Osmancik"
1,1,1,1,1,1,3,"Osmancik"
1,1,1,1,1,1,3,"Osmancik"
1,1,1,1,3,1,3,"Osmancik"
1,1,1,1,3,1,2,"Osmancik"
1,1,1,1,6,1,3,"Osmancik"
1,1,1,1,3,1,3,"Osmancik"
2,2,1,1,4,2,3,"Osmancik"
1,1,1,2,1,1,3,"Osmancik"
3,2,1,2,2,3,3,"Osmancik"
2,1,1,3,1,2,3,"Osmancik"
1,1,1,2,1,1,3,"Osmancik"
1,1,1,1,1,1,3,"Osmancik"
1,1,1,1,1,1,3,"Osmancik"
1,1,1,2,1,1,3,"Osmancik"
1,1,1,1,2,1,3,"Osmancik"
3,2,1,2,1,3,3,"Osmancik"
1,1,1,2,1,1,3,"Osmancik"
1,1,1,2,2,1,3,"Osmancik"
3,3,4,1,6,3,2,"Osmancik"
2,2,1,2,1,2,3,"Osmancik"
2,3,2,1,6,2,3,"Osmancik"
3,1,1,2,1,2,3,"Osmancik"
1,1,1,2,1,1,3,"Osmancik"
3,2,1,2,2,3,3,"Osmancik"
1,1,1,1,4,1,3,"Osmancik"
3,2,2,1,5,2,3,"Osmancik"
3,2,1,2,1,3,3,"Osmancik"
2,1,1,2,1,2,3,"Osmancik"
1,1,1,2,1,1,3,"Osmancik"
1,1,1,1,5,1,3,"Osmancik"
1,2,2,1,6,1,3,"Osmancik"
2,1,1,2,1,2,3,"Osmancik"
2,1,1,2,2,1,3,"Osmancik"
2,2,2,1,5,2,3,"Osmancik"
2,2,1,1,4,2,3,"Osmancik"
3,3,2,2,5,3,3,"Osmancik"
3,2,2,2,5,3,3,"Osmancik"
1,1,1,2,2,1,3,"Osmancik"
1,1,1,1,4,1,3,"Osmancik"
1,1,1,2,1,1,3,"Osmancik"
1,1,1,2,1,1,3,"Osmancik"
3,3,2,2,3,3,3,"Osmancik"
1,1,1,1,3,1,3,"Osmancik"
3,2,1,3,1,3,3,"Osmancik"
2,1,1,2,1,2,3,"Osmancik"
1,1,1,1,1,1,3,"Osmancik"
1,2,2,1,6,1,2,"Osmancik"
3,2,1,2,2,3,3,"Osmancik"
1,1,2,1,5,1,3,"Osmancik"
1,1,1,2,2,1,3,"Osmancik"
1,1,1,2,1,1,3,"Osmancik"
2,1,1,2,1,2,3,"Osmancik"
4,3,1,3,1,4,3,"Osmancik"
4,4,2,2,4,4,2,"Osmancik"
2,1,1,3,1,2,3,"Osmancik"
1,1,1,2,2,2,3,"Osmancik"
1,1,1,1,5,1,3,"Osmancik"
3,1,1,2,1,2,3,"Osmancik"
1,1,1,1,2,1,3,"Osmancik"
3,1,1,3,1,3,3,"Osmancik"
1,1,1,1,3,1,3,"Osmancik"
3,3,4,1,6,3,3,"Osmancik"
1,1,1,1,2,1,3,"Osmancik"
1,1,1,1,6,1,3,"Osmancik"
1,1,1,2,1,1,3,"Osmancik"
1,1,1,1,6,1,1,"Osmancik"
2,1,1,2,2,2,3,"Osmancik"
3,3,2,2,3,3,3,"Osmancik"
3,2,1,2,1,3,3,"Osmancik"
1,1,1,1,3,1,3,"Osmancik"
2,1,1,2,1,2,3,"Osmancik"
4,4,2,3,3,4,3,"Osmancik"
3,3,2,2,3,3,2,"Osmancik"
1,1,1,1,6,1,2,"Osmancik"
2,2,1,2,3,2,3,"Osmancik"
3,1,1,2,1,2,3,"Osmancik"
3,2,1,2,1,3,3,"Osmancik"
3,2,2,1,5,3,3,"Osmancik"
1,1,1,1,2,1,3,"Osmancik"
2,1,1,3,1,2,3,"Osmancik"
1,1,1,1,2,1,3,"Osmancik"
3,2,1,3,1,3,3,"Osmancik"
1,1,1,2,1,2,3,"Osmancik"
1,1,1,1,3,1,3,"Osmancik"
4,2,1,3,1,3,3,"Osmancik"
1,1,1,1,2,1,3,"Osmancik"
1,1,1,1,4,1,3,"Osmancik"
1,1,1,2,1,1,3,"Osmancik"
1,1,1,1,1,1,3,"Osmancik"
2,1,1,2,1,2,3,"Osmancik"
3,3,1,3,1,3,3,"Osmancik"
3,3,2,2,2,3,3,"Osmancik"
2,1,1,3,1,2,3,"Osmancik"
2,1,1,2,1,2,3,"Osmancik"
3,2,1,2,2,2,3,"Osmancik"
5,5,4,2,5,5,3,"Osmancik"
1,1,1,2,1,1,3,"Osmancik"
1,1,1,1,2,1,3,"Osmancik"
1,1,1,2,1,1,3,"Osmancik"
1,1,1,1,3,1,3,"Osmancik"
2,1,1,2,2,2,3,"Osmancik"
5,5,4,2,5,5,2,"Osmancik"
1,1,1,1,3,1,3,"Osmancik"
4,4,2,3,1,4,3,"Osmancik"
1,1,1,1,4,1,3,"Osmancik"
1,1,1,1,4,1,3,"Osmancik"
2,1,1,2,1,2,3,"Osmancik"
2,2,2,1,6,2,3,"Osmancik"
2,1,1,2,1,2,3,"Osmancik"
1,1,1,2,2,1,3,"Osmancik"
1,1,1,1,3,1,3,"Osmancik"
4,3,1,3,1,4,3,"Osmancik"
2,1,1,1,3,2,3,"Osmancik"
1,1,1,1,1,1,3,"Osmancik"
3,2,1,3,2,3,3,"Osmancik"
2,2,2,1,6,2,3,"Osmancik"
1,1,1,2,1,1,3,"Osmancik"
1,1,1,1,2,1,3,"Osmancik"
1,1,1,2,1,1,3,"Osmancik"
2,1,1,2,1,2,3,"Osmancik"
4,4,2,3,1,4,3,"Osmancik"
1,1,1,1,3,1,3,"Osmancik"
1,1,1,1,3,1,3,"Osmancik"
1,1,1,3,1,1,3,"Osmancik"
3,2,1,2,2,3,3,"Osmancik"
3,2,1,2,1,3,3,"Osmancik"
3,2,1,2,1,3,3,"Osmancik"
2,1,1,1,4,2,3,"Osmancik"
1,1,1,1,5,1,3,"Osmancik"
4,4,4,1,6,3,3,"Osmancik"
3,1,1,3,1,3,3,"Osmancik"
3,2,1,2,2,3,3,"Osmancik"
3,2,1,3,1,3,3,"Osmancik"
1,1,1,1,2,1,3,"Osmancik"
2,2,1,1,4,2,3,"Osmancik"
3,1,1,3,1,3,3,"Osmancik"
1,1,1,1,3,1,3,"Osmancik"
1,1,1,1,3,1,3,"Osmancik"
2,1,1,2,2,2,3,"Osmancik"
4,3,2,3,1,4,3,"Osmancik"
3,3,3,2,5,3,3,"Osmancik"
1,1,1,1,6,1,3,"Osmancik"
2,1,1,2,1,2,3,"Osmancik"
1,1,1,1,6,1,3,"Osmancik"
1,1,1,1,2,1,3,"Osmancik"
1,1,1,2,1,1,3,"Osmancik"
1,1,2,1,6,1,3,"Osmancik"
2,1,1,2,1,2,3,"Osmancik"
1,1,1,1,5,1,3,"Osmancik"
3,2,2,2,2,3,3,"Osmancik"
1,1,1,1,1,1,3,"Osmancik"
3,2,1,3,1,3,3,"Osmancik"
3,2,2,2,3,3,3,"Osmancik"
1,1,1,1,6,1,3,"Osmancik"
2,1,1,3,1,2,3,"Osmancik"
1,1,1,2,1,1,3,"Osmancik"
5,5,2,3,2,5,3,"Osmancik"
3,4,5,1,6,3,3,"Osmancik"
2,2,2,1,6,2,3,"Osmancik"
1,1,1,1,1,1,3,"Osmancik"
3,1,1,3,1,2,3,"Osmancik"
1,1,1,1,4,1,3,"Osmancik"
4,2,1,3,1,3,3,"Osmancik"
4,4,3,2,5,4,3,"Osmancik"
1,2,3,1,6,1,1,"Osmancik"
2,1,1,2,3,2,3,"Osmancik"
3,2,1,2,2,3,3,"Osmancik"
6,5,4,3,3,6,3,"Osmancik"
1,2,1,1,5,1,1,"Osmancik"
3,2,1,2,2,3,3,"Osmancik"
2,1,1,2,1,2,3,"Osmancik"
3,1,1,3,1,3,3,"Osmancik"
1,1,1,1,1,1,3,"Osmancik"
1,1,1,1,5,1,3,"Osmancik"
2,1,1,3,1,2,3,"Osmancik"
3,2,1,2,1,3,2,"Osmancik"
3,1,1,3,1,2,3,"Osmancik"
3,3,1,3,1,3,3,"Osmancik"
3,3,3,1,6,3,3,"Osmancik"
5,4,2,3,1,5,3,"Osmancik"
3,2,1,3,1,3,3,"Osmancik"
5,4,3,3,3,5,3,"Osmancik"
2,1,1,2,1,2,3,"Osmancik"
3,1,1,4,1,3,3,"Osmancik"
3,3,3,2,5,3,3,"Osmancik"
2,1,1,2,3,2,3,"Osmancik"
1,1,1,1,2,1,3,"Osmancik"
5,4,2,3,1,5,3,"Osmancik"
6,5,1,4,1,6,3,"Osmancik"
4,5,4,2,6,4,1,"Osmancik"
6,4,2,3,1,5,3,"Osmancik"
2,1,1,2,1,2,3,"Osmancik"
5,4,4,3,4,5,3,"Osmancik"
1,2,1,1,6,1,3,"Osmancik"
4,2,1,3,1,3,3,"Osmancik"
3,2,2,2,4,3,3,"Osmancik"
1,1,1,1,5,1,3,"Osmancik"
2,1,1,2,1,1,3,"Osmancik"
3,3,2,2,5,3,3,"Osmancik"
3,4,2,2,5,3,3,"Osmancik"
1,1,1,1,5,1,3,"Osmancik"
1,1,1,2,1,2,3,"Osmancik"
3,3,2,2,3,3,3,"Osmancik"
3,2,1,3,1,3,3,"Osmancik"
1,3,2,1,6,1,3,"Osmancik"
1,1,2,1,6,1,2,"Osmancik"
3,2,1,3,1,3,3,"Osmancik"
3,2,2,2,3,3,3,"Osmancik"
1,1,1,2,1,1,3,"Osmancik"
3,2,2,2,5,3,3,"Osmancik"
3,3,2,1,5,2,3,"Osmancik"
4,3,2,2,3,3,3,"Osmancik"
5,3,1,4,1,5,3,"Osmancik"
3,3,2,2,3,3,3,"Osmancik"
3,1,1,2,1,3,3,"Osmancik"
4,4,2,2,4,4,3,"Osmancik"
5,4,2,3,2,5,3,"Osmancik"
3,1,1,3,1,2,3,"Osmancik"
5,4,2,3,2,5,3,"Osmancik"
2,2,2,1,5,2,3,"Osmancik"
3,2,2,1,6,2,2,"Osmancik"
4,4,3,2,5,4,3,"Osmancik"
4,4,2,2,4,4,3,"Osmancik"
2,3,2,1,5,2,3,"Osmancik"
3,2,1,3,1,3,3,"Osmancik"
2,1,1,2,1,2,3,"Osmancik"
3,3,2,3,1,3,3,"Osmancik"
3,2,1,2,1,3,3,"Osmancik"
1,1,1,1,3,1,3,"Osmancik"
2,1,1,2,1,2,3,"Osmancik"
2,1,1,3,1,2,3,"Osmancik"
3,3,1,3,1,3,3,"Osmancik"
3,3,1,3,1,3,3,"Osmancik"
2,2,1,2,1,2,3,"Osmancik"
1,1,1,2,1,1,3,"Osmancik"
3,2,1,2,2,3,3,"Osmancik"
5,5,2,3,1,5,3,"Osmancik"
1,1,1,1,2,1,3,"Osmancik"
3,2,2,1,4,2,3,"Osmancik"
1,1,1,2,1,1,3,"Osmancik"
1,1,1,1,5,1,3,"Osmancik"
4,3,2,3,1,4,3,"Osmancik"
3,2,1,3,1,3,3,"Osmancik"
4,5,4,2,5,4,2,"Osmancik"
1,1,1,1,4,1,2,"Osmancik"
2,1,1,2,1,2,3,"Osmancik"
1,1,1,2,1,1,3,"Osmancik"
6,6,4,4,2,6,3,"Osmancik"
4,3,1,3,1,4,3,"Osmancik"
3,2,1,2,1,2,3,"Osmancik"
1,1,1,2,1,1,3,"Osmancik"
1,1,1,2,1,1,3,"Osmancik"
1,1,1,1,3,1,2,"Osmancik"
4,4,2,3,2,4,3,"Osmancik"
3,2,1,3,1,3,3,"Osmancik"
3,1,1,3,1,3,3,"Osmancik"
3,3,2,2,4,3,3,"Osmancik"
4,3,1,3,1,4,3,"Osmancik"
1,1,1,2,1,1,3,"Osmancik"
2,2,1,2,2,2,3,"Osmancik"
3,1,1,3,1,3,3,"Osmancik"
1,1,1,1,1,1,3,"Osmancik"
3,2,1,3,1,3,3,"Osmancik"
6,6,4,3,3,6,3,"Osmancik"
1,1,1,1,3,1,2,"Osmancik"
3,2,1,3,1,3,3,"Osmancik"
1,1,1,1,5,1,2,"Osmancik"
4,2,1,3,1,4,3,"Osmancik"
3,3,2,2,3,3,2,"Osmancik"
3,1,1,2,1,2,3,"Osmancik"
3,4,2,2,5,3,2,"Osmancik"
1,1,1,1,4,1,3,"Osmancik"
3,3,2,2,2,3,3,"Osmancik"
1,2,2,1,6,1,3,"Osmancik"
3,2,1,3,1,3,3,"Osmancik"
1,1,1,1,1,1,3,"Osmancik"
2,1,1,2,3,2,3,"Osmancik"
3,4,2,2,4,4,3,"Osmancik"
5,5,4,2,5,4,3,"Osmancik"
2,1,1,1,5,2,3,"Osmancik"
1,1,1,2,2,1,3,"Osmancik"
2,1,1,2,3,2,3,"Osmancik"
3,2,1,3,1,3,3,"Osmancik"
1,1,1,1,5,1,3,"Osmancik"
1,1,1,2,2,2,3,"Osmancik"
1,1,1,2,1,1,3,"Osmancik"
1,2,2,1,6,1,3,"Osmancik"
1,1,1,1,4,1,3,"Osmancik"
1,1,1,2,1,1,2,"Osmancik"
4,3,1,3,1,3,3,"Osmancik"
5,3,1,3,1,4,3,"Osmancik"
6,5,2,4,1,6,3,"Osmancik"
4,3,1,3,1,4,3,"Osmancik"
1,1,1,1,2,1,3,"Osmancik"
3,2,1,3,1,3,3,"Osmancik"
1,1,1,1,6,1,2,"Osmancik"
4,6,4,2,6,4,3,"Osmancik"
1,1,1,1,4,1,2,"Osmancik"
1,1,1,1,4,1,2,"Osmancik"
1,1,1,1,2,1,3,"Osmancik"
2,2,1,2,2,2,2,"Osmancik"
3,2,1,3,1,3,3,"Osmancik"
1,1,1,1,4,1,2,"Osmancik"
1,1,1,2,1,1,3,"Osmancik"
3,1,1,3,1,3,3,"Osmancik"
1,1,1,1,6,1,3,"Osmancik"
1,1,1,1,3,1,2,"Osmancik"
3,3,2,2,2,3,3,"Osmancik"
3,2,1,3,1,3,3,"Osmancik"
1,1,1,1,4,1,3,"Osmancik"
1,1,1,2,1,1,3,"Osmancik"
3,2,1,2,2,3,3,"Osmancik"
2,1,1,3,1,2,3,"Osmancik"
2,2,1,2,1,2,3,"Osmancik"
3,1,1,2,3,2,3,"Osmancik"
2,2,1,2,1,2,3,"Osmancik"
2,1,1,2,2,2,3,"Osmancik"
1,1,1,1,6,1,3,"Osmancik"
3,1,1,2,2,2,3,"Osmancik"
1,1,1,1,5,1,3,"Osmancik"
1,1,1,2,2,2,3,"Osmancik"
1,1,1,1,2,1,3,"Osmancik"
1,1,1,1,5,1,3,"Osmancik"
1,2,1,1,4,1,3,"Osmancik"
3,2,1,3,1,3,3,"Osmancik"
1,1,1,1,5,1,2,"Osmancik"
3,1,2,1,4,2,3,"Osmancik"
3,2,1,2,3,2,3,"Osmancik"
2,2,1,2,2,2,3,"Osmancik"
1,1,1,1,4,1,3,"Osmancik"
3,2,1,3,1,3,3,"Osmancik"
1,1,1,1,3,1,3,"Osmancik"
1,1,1,1,2,1,3,"Osmancik"
3,4,3,2,5,3,1,"Osmancik"
3,2,2,2,5,3,3,"Osmancik"
3,4,2,3,2,3,3,"Osmancik"
3,2,1,3,1,3,3,"Osmancik"
3,2,1,3,1,3,3,"Osmancik"
3,1,1,2,1,3,3,"Osmancik"
3,2,2,2,3,3,3,"Osmancik"
4,3,2,3,1,4,3,"Osmancik"
1,1,1,2,1,1,3,"Osmancik"
2,1,1,2,2,2,3,"Osmancik"
1,1,1,2,2,1,3,"Osmancik"
1,1,1,2,2,1,3,"Osmancik"
1,1,1,1,4,1,3,"Osmancik"
1,1,1,1,5,1,3,"Osmancik"
1,1,1,1,6,1,3,"Osmancik"
1,1,1,2,1,1,3,"Osmancik"
1,1,1,1,5,1,3,"Osmancik"
1,1,1,2,1,1,3,"Osmancik"
3,2,2,2,4,3,3,"Osmancik"
1,1,1,2,1,1,3,"Osmancik"
1,1,1,1,6,1,3,"Osmancik"
2,2,1,2,2,2,3,"Osmancik"
3,2,1,3,1,3,3,"Osmancik"
1,1,1,1,6,1,3,"Osmancik"
3,3,2,2,3,3,3,"Osmancik"
3,2,1,3,1,3,3,"Osmancik"
3,1,1,3,1,2,3,"Osmancik"
1,1,1,2,1,1,3,"Osmancik"
1,1,1,1,5,1,2,"Osmancik"
3,2,1,2,2,2,3,"Osmancik"
1,1,1,1,4,1,3,"Osmancik"
1,1,1,1,1,1,3,"Osmancik"
3,2,1,2,2,3,3,"Osmancik"
1,1,1,2,1,1,3,"Osmancik"
1,1,1,1,1,1,3,"Osmancik"
5,3,1,3,1,4,3,"Osmancik"
1,1,1,2,1,1,3,"Osmancik"
1,1,1,2,1,1,3,"Osmancik"
1,1,1,1,3,1,3,"Osmancik"
2,1,1,2,1,2,3,"Osmancik"
2,2,1,2,1,2,3,"Osmancik"
3,2,1,3,1,3,3,"Osmancik"
4,4,2,3,1,5,3,"Osmancik"
3,2,1,3,1,3,3,"Osmancik"
1,1,1,1,3,1,3,"Osmancik"
3,3,2,2,5,3,2,"Osmancik"
1,3,1,1,6,1,1,"Osmancik"
1,1,1,1,3,1,3,"Osmancik"
1,1,1,1,2,1,3,"Osmancik"
3,4,4,2,5,3,3,"Osmancik"
3,2,2,2,4,3,3,"Osmancik"
4,4,2,3,2,4,3,"Osmancik"
1,1,1,1,2,1,3,"Osmancik"
1,1,2,1,6,1,3,"Osmancik"
1,1,1,1,4,1,3,"Osmancik"
2,1,1,2,1,2,3,"Osmancik"
3,3,2,2,3,3,3,"Osmancik"
2,1,1,2,1,1,3,"Osmancik"
1,1,1,2,2,1,3,"Osmancik"
2,1,1,1,4,1,3,"Osmancik"
3,2,1,2,2,3,3,"Osmancik"
2,1,1,2,1,2,3,"Osmancik"
1,2,2,1,6,1,3,"Osmancik"
1,1,1,1,3,1,3,"Osmancik"
1,1,1,1,1,1,3,"Osmancik"
1,1,1,1,2,1,3,"Osmancik"
3,2,2,2,4,3,3,"Osmancik"
1,1,1,1,5,1,3,"Osmancik"
1,1,1,1,3,1,3,"Osmancik"
1,1,1,1,2,1,3,"Osmancik"
1,1,1,2,1,2,3,"Osmancik"
3,3,2,2,5,3,3,"Osmancik"
4,4,2,3,2,4,3,"Osmancik"
1,1,1,1,5,1,2,"Osmancik"
2,1,1,2,1,2,3,"Osmancik"
1,1,1,3,1,1,3,"Osmancik"
3,2,1,2,2,3,3,"Osmancik"
6,7,5,3,3,6,3,"Osmancik"
3,4,3,2,5,3,2,"Osmancik"
1,1,1,2,1,1,3,"Osmancik"
1,1,1,1,1,1,3,"Osmancik"
1,1,1,2,2,2,3,"Osmancik"
3,1,1,2,1,2,3,"Osmancik"
1,1,1,1,2,1,3,"Osmancik"
1,1,1,1,3,1,3,"Osmancik"
3,3,2,2,5,3,3,"Osmancik"
1,1,1,1,1,1,3,"Osmancik"
1,1,1,1,1,1,3,"Osmancik"
2,1,1,2,2,2,3,"Osmancik"
1,1,1,1,3,1,3,"Osmancik"
3,2,1,3,1,3,3,"Osmancik"
2,2,1,2,3,2,3,"Osmancik"
3,3,2,1,5,3,3,"Osmancik"
2,1,1,2,2,2,3,"Osmancik"
1,1,1,1,6,1,3,"Osmancik"
1,1,1,2,2,1,3,"Osmancik"
3,4,2,2,3,3,3,"Osmancik"
1,1,1,2,1,1,3,"Osmancik"
2,1,1,2,1,2,3,"Osmancik"
2,1,1,2,1,2,3,"Osmancik"
1,1,1,1,1,1,3,"Osmancik"
1,1,1,1,5,1,3,"Osmancik"
1,1,1,1,5,1,2,"Osmancik"
1,1,1,1,6,1,3,"Osmancik"
2,2,2,1,5,2,3,"Osmancik"
1,1,1,1,2,1,3,"Osmancik"
2,1,1,2,1,2,3,"Osmancik"
2,1,1,2,2,2,3,"Osmancik"
1,1,1,1,2,1,3,"Osmancik"
3,2,2,2,3,3,3,"Osmancik"
3,2,1,2,1,3,3,"Osmancik"
1,1,1,1,2,1,3,"Osmancik"
3,2,1,2,1,3,3,"Osmancik"
1,1,1,1,3,1,3,"Osmancik"
1,1,1,1,3,1,3,"Osmancik"
5,4,2,3,1,5,3,"Osmancik"
1,1,1,2,1,1,3,"Osmancik"
1,1,1,1,2,1,3,"Osmancik"
2,1,1,2,2,2,3,"Osmancik"
1,1,1,1,1,1,3,"Osmancik"
1,1,1,1,1,1,3,"Osmancik"
1,1,1,2,1,1,3,"Osmancik"
2,2,1,2,3,2,3,"Osmancik"
1,1,1,1,6,1,2,"Osmancik"
3,1,1,3,1,2,3,"Osmancik"
6,6,4,4,1,6,3,"Osmancik"
4,3,2,2,2,3,3,"Osmancik"
3,5,4,1,6,3,3,"Osmancik"
1,1,1,1,5,1,3,"Osmancik"
4,3,1,3,1,4,3,"Osmancik"
1,1,1,1,5,1,2,"Osmancik"
1,1,1,1,1,1,3,"Osmancik"
3,3,2,3,2,3,3,"Osmancik"
1,1,1,2,1,1,3,"Osmancik"
1,1,1,2,1,1,3,"Osmancik"
3,2,1,3,1,3,3,"Osmancik"
1,1,1,1,6,1,2,"Osmancik"
3,1,1,3,1,3,3,"Osmancik"
1,1,1,2,2,1,3,"Osmancik"
3,1,1,3,1,3,3,"Osmancik"
3,3,1,3,1,3,3,"Osmancik"
1,1,1,1,3,1,3,"Osmancik"
1,1,1,1,5,1,3,"Osmancik"
1,1,1,2,1,1,3,"Osmancik"
1,1,1,1,2,1,3,"Osmancik"
1,1,1,1,5,1,3,"Osmancik"
3,1,1,3,1,2,3,"Osmancik"
1,1,1,2,1,1,3,"Osmancik"
2,1,1,2,1,2,3,"Osmancik"
3,1,1,3,1,3,3,"Osmancik"
3,3,2,1,6,3,2,"Osmancik"
1,1,1,2,1,1,3,"Osmancik"
1,1,1,2,1,1,3,"Osmancik"
1,1,1,1,3,1,3,"Osmancik"
1,1,1,1,5,1,2,"Osmancik"
4,3,3,2,5,3,2,"Osmancik"
1,1,1,1,1,1,3,"Osmancik"
2,2,2,1,6,2,3,"Osmancik"
1,1,1,2,1,1,3,"Osmancik"
1,1,1,2,1,1,3,"Osmancik"
3,2,2,2,2,3,3,"Osmancik"
3,1,1,3,1,3,3,"Osmancik"
4,3,2,2,3,4,3,"Osmancik"
3,2,1,2,1,3,3,"Osmancik"
1,1,1,1,2,1,3,"Osmancik"
1,1,1,1,3,1,3,"Osmancik"
3,2,2,1,5,2,3,"Osmancik"
3,3,3,2,5,3,3,"Osmancik"
3,1,1,4,1,3,3,"Osmancik"
2,2,2,1,5,2,3,"Osmancik"
4,3,1,3,1,4,3,"Osmancik"
2,1,1,2,1,2,3,"Osmancik"
3,1,1,3,1,3,3,"Osmancik"
2,2,2,1,5,2,3,"Osmancik"
3,1,1,3,1,3,3,"Osmancik"
2,1,1,3,1,2,3,"Osmancik"
1,1,1,1,4,1,3,"Osmancik"
3,2,1,2,1,3,3,"Osmancik"
3,2,1,3,1,3,3,"Osmancik"
5,5,4,3,3,5,3,"Osmancik"
3,2,2,2,3,3,3,"Osmancik"
5,3,2,3,1,5,3,"Osmancik"
5,5,4,3,4,5,3,"Osmancik"
3,3,4,1,6,3,2,"Osmancik"
4,2,1,4,1,4,3,"Osmancik"
1,1,2,1,6,1,3,"Osmancik"
5,4,2,3,2,5,3,"Osmancik"
3,2,1,3,1,3,3,"Osmancik"
4,2,1,4,1,4,3,"Osmancik"
3,2,3,1,6,2,2,"Osmancik"
3,2,1,3,1,3,3,"Osmancik"
6,6,5,3,3,6,3,"Osmancik"
1,1,1,2,1,1,3,"Osmancik"
6,4,2,4,1,5,3,"Osmancik"
3,2,2,2,4,2,2,"Osmancik"
6,6,5,4,2,6,3,"Osmancik"
1,1,1,1,5,1,2,"Osmancik"
4,2,1,3,1,4,3,"Osmancik"
1,1,1,1,2,1,3,"Osmancik"
1,1,1,1,1,1,3,"Osmancik"
5,5,4,3,3,5,3,"Osmancik"
1,1,1,1,6,1,2,"Osmancik"
1,1,1,2,1,1,3,"Osmancik"
2,2,2,1,6,1,3,"Osmancik"
1,2,2,1,6,1,3,"Osmancik"
4,2,1,3,1,4,3,"Osmancik"
5,4,2,3,2,5,3,"Osmancik"
1,1,1,1,6,1,3,"Osmancik"
3,2,2,1,5,2,2,"Osmancik"
3,3,2,2,5,3,3,"Osmancik"
5,5,5,2,6,5,2,"Osmancik"
3,2,1,2,2,2,3,"Osmancik"
3,2,2,2,4,3,3,"Osmancik"
5,3,1,4,1,5,3,"Osmancik"
1,1,1,2,1,1,3,"Osmancik"
3,3,3,1,6,3,2,"Osmancik"
5,5,2,3,2,5,3,"Osmancik"
5,4,2,3,2,5,3,"Osmancik"
1,1,1,1,6,1,3,"Osmancik"
3,2,1,2,3,3,3,"Osmancik"
3,2,2,2,4,3,3,"Osmancik"
3,2,1,3,1,3,3,"Osmancik"
3,1,1,3,1,3,3,"Osmancik"
1,1,1,1,4,1,3,"Osmancik"
3,2,1,3,1,3,3,"Osmancik"
3,2,1,3,1,3,3,"Osmancik"
3,2,1,3,1,3,3,"Osmancik"
4,2,1,3,1,4,3,"Osmancik"
5,4,2,3,3,5,3,"Osmancik"
6,5,4,4,1,6,3,"Osmancik"
1,1,1,1,5,1,2,"Osmancik"
5,4,2,3,3,4,3,"Osmancik"
6,6,5,2,6,5,3,"Osmancik"
3,3,2,2,2,3,3,"Osmancik"
4,4,2,3,2,4,3,"Osmancik"
4,3,2,3,1,4,3,"Osmancik"
3,2,1,2,1,3,3,"Osmancik"
3,4,2,2,4,4,3,"Osmancik"
3,3,2,1,5,3,3,"Osmancik"
1,1,1,1,5,1,3,"Osmancik"
3,5,5,1,6,3,1,"Osmancik"
4,2,1,3,1,4,3,"Osmancik"
1,2,1,1,5,2,3,"Osmancik"
1,1,1,1,5,1,2,"Osmancik"
2,1,1,2,1,2,3,"Osmancik"
1,1,2,1,6,1,3,"Osmancik"
1,1,1,1,5,1,3,"Osmancik"
2,1,1,2,3,2,3,"Osmancik"
3,3,2,2,2,3,3,"Osmancik"
3,3,1,3,1,3,3,"Osmancik"
3,2,2,1,6,2,3,"Osmancik"
5,4,2,3,1,5,3,"Osmancik"
5,5,4,3,4,5,3,"Osmancik"
3,2,1,3,1,3,3,"Osmancik"
3,4,2,2,4,3,3,"Osmancik"
5,5,3,3,2,5,3,"Osmancik"
6,6,5,3,4,6,3,"Osmancik"
4,4,2,3,2,4,3,"Osmancik"
1,1,1,1,5,1,2,"Osmancik"
4,4,2,2,4,4,3,"Osmancik"
4,3,2,2,5,3,2,"Osmancik"
5,3,1,4,1,5,3,"Osmancik"
1,2,2,1,6,1,1,"Osmancik"
3,2,1,2,1,3,3,"Osmancik"
1,1,1,1,2,1,3,"Osmancik"
4,3,2,2,3,3,3,"Osmancik"
4,3,2,2,4,4,3,"Osmancik"
1,1,2,1,5,1,3,"Osmancik"
3,3,4,1,6,3,3,"Osmancik"
6,7,5,3,4,6,3,"Osmancik"
5,6,4,3,3,5,3,"Osmancik"
4,3,2,3,1,4,3,"Osmancik"
1,2,2,1,6,1,3,"Osmancik"
5,4,4,3,4,5,2,"Osmancik"
4,5,2,3,1,4,3,"Osmancik"
2,1,1,1,3,2,3,"Osmancik"
3,3,2,3,1,3,3,"Osmancik"
1,1,1,1,5,1,3,"Osmancik"
5,5,4,2,5,5,3,"Osmancik"
3,2,1,3,1,3,3,"Osmancik"
3,2,1,2,2,3,3,"Osmancik"
3,3,2,2,4,3,3,"Osmancik"
1,1,1,2,1,1,3,"Osmancik"
3,2,1,3,1,3,3,"Osmancik"
2,2,1,2,2,2,3,"Osmancik"
3,2,1,3,1,3,3,"Osmancik"
3,2,1,3,1,3,3,"Osmancik"
4,3,2,3,1,4,3,"Osmancik"
1,1,1,1,3,1,3,"Osmancik"
3,2,1,3,1,3,3,"Osmancik"
1,1,1,1,2,1,3,"Osmancik"
1,1,1,1,4,1,3,"Osmancik"
1,1,1,1,6,1,1,"Osmancik"
3,2,2,2,3,2,2,"Osmancik"
3,2,1,3,1,3,3,"Osmancik"
1,1,1,1,2,1,3,"Osmancik"
1,1,1,1,3,1,3,"Osmancik"
1,1,1,2,1,1,3,"Osmancik"
3,2,1,2,1,3,3,"Osmancik"
3,3,2,2,2,3,2,"Osmancik"
1,1,1,2,1,1,3,"Osmancik"
1,1,2,1,6,1,3,"Osmancik"
1,1,1,2,1,1,3,"Osmancik"
1,2,1,1,5,1,3,"Osmancik"
3,2,1,2,2,3,3,"Osmancik"
2,2,2,1,5,2,3,"Osmancik"
5,4,2,3,1,5,3,"Osmancik"
1,1,1,2,1,1,3,"Osmancik"
1,1,1,1,2,1,3,"Osmancik"
1,1,1,1,5,1,3,"Osmancik"
5,5,3,3,3,5,3,"Osmancik"
1,2,1,1,4,1,3,"Osmancik"
1,1,1,1,2,1,3,"Osmancik"
1,1,1,2,1,2,3,"Osmancik"
1,1,1,1,5,1,3,"Osmancik"
1,1,1,1,1,1,3,"Osmancik"
3,2,1,3,1,3,3,"Osmancik"
1,1,1,1,5,1,2,"Osmancik"
3,3,1,3,1,3,3,"Osmancik"
3,2,1,3,1,3,3,"Osmancik"
1,2,2,1,6,1,3,"Osmancik"
3,3,1,3,1,3,3,"Osmancik"
1,1,1,1,6,1,1,"Osmancik"
2,2,2,1,4,2,2,"Osmancik"
2,1,1,2,1,2,3,"Osmancik"
1,1,1,2,1,1,3,"Osmancik"
1,1,1,1,5,1,3,"Osmancik"
4,4,2,3,1,4,2,"Osmancik"
1,1,1,2,1,1,3,"Osmancik"
4,3,1,3,1,4,3,"Osmancik"
1,1,1,2,1,1,3,"Osmancik"
1,1,1,1,2,1,3,"Osmancik"
1,1,1,1,2,1,3,"Osmancik"
2,1,1,2,2,2,3,"Osmancik"
1,1,1,1,1,1,3,"Osmancik"
1,1,1,2,1,1,3,"Osmancik"
1,1,1,1,6,1,3,"Osmancik"
1,1,1,1,5,1,2,"Osmancik"
4,6,5,1,6,4,3,"Osmancik"
3,2,1,3,1,3,3,"Osmancik"
3,3,1,3,1,3,3,"Osmancik"
1,1,1,1,6,1,3,"Osmancik"
1,1,1,1,1,1,3,"Osmancik"
3,4,4,1,6,3,3,"Osmancik"
4,5,4,2,5,4,2,"Osmancik"
1,1,1,2,1,1,3,"Osmancik"
1,1,1,1,5,1,3,"Osmancik"
1,1,1,2,1,2,3,"Osmancik"
1,1,1,1,1,1,3,"Osmancik"
3,3,1,3,1,3,3,"Osmancik"
1,1,1,1,3,1,3,"Osmancik"
3,2,1,2,1,3,3,"Osmancik"
1,1,1,2,1,1,3,"Osmancik"
1,1,1,1,5,1,3,"Osmancik"
1,1,1,2,1,1,3,"Osmancik"
2,2,1,2,3,2,3,"Osmancik"
4,4,2,3,2,4,3,"Osmancik"
2,2,2,1,6,2,2,"Osmancik"
6,6,5,3,4,6,3,"Osmancik"
3,2,2,2,4,3,3,"Osmancik"
1,2,2,1,6,1,3,"Osmancik"
1,1,1,2,1,2,3,"Osmancik"
1,1,1,2,1,1,3,"Osmancik"
3,2,2,1,5,3,3,"Osmancik"
1,1,1,2,1,1,3,"Osmancik"
1,1,1,2,1,2,3,"Osmancik"
2,2,1,2,3,2,3,"Osmancik"
1,1,1,1,3,1,3,"Osmancik"
3,2,2,1,5,2,2,"Osmancik"
1,1,1,1,4,1,3,"Osmancik"
1,1,1,1,4,1,3,"Osmancik"
3,2,1,2,1,3,3,"Osmancik"
1,1,1,2,2,1,3,"Osmancik"
3,1,1,2,1,2,3,"Osmancik"
1,1,1,1,1,1,3,"Osmancik"
4,3,1,3,1,4,3,"Osmancik"
3,2,2,1,5,3,3,"Osmancik"
2,1,1,2,2,2,3,"Osmancik"
3,3,2,2,5,3,3,"Osmancik"
3,3,2,2,3,3,3,"Osmancik"
3,1,1,2,1,3,3,"Osmancik"
1,1,1,1,3,1,3,"Osmancik"
1,1,1,1,5,1,3,"Osmancik"
1,1,1,1,1,1,3,"Osmancik"
1,1,1,1,4,1,3,"Osmancik"
1,1,1,1,5,1,2,"Osmancik"
1,1,1,1,1,1,3,"Osmancik"
3,2,1,2,2,3,3,"Osmancik"
2,1,1,2,3,2,3,"Osmancik"
1,1,1,2,3,1,3,"Osmancik"
3,1,1,3,1,2,3,"Osmancik"
1,1,1,1,6,1,3,"Osmancik"
3,3,3,2,5,3,2,"Osmancik"
1,1,1,2,2,1,3,"Osmancik"
1,1,1,1,5,1,3,"Osmancik"
1,1,2,1,6,1,3,"Osmancik"
1,2,1,1,5,1,3,"Osmancik"
3,2,2,2,5,3,3,"Osmancik"
3,1,1,2,1,3,3,"Osmancik"
1,1,1,2,1,1,3,"Osmancik"
3,2,1,2,2,3,3,"Osmancik"
3,2,1,3,1,3,3,"Osmancik"
1,1,1,1,1,1,3,"Osmancik"
2,1,1,1,3,2,3,"Osmancik"
1,1,1,2,1,1,3,"Osmancik"
1,1,1,2,1,1,3,"Osmancik"
3,2,1,2,2,2,3,"Osmancik"
1,1,1,1,3,1,3,"Osmancik"
5,5,2,3,2,5,3,"Osmancik"
1,1,1,1,2,1,3,"Osmancik"
1,1,1,2,1,1,3,"Osmancik"
1,1,1,2,1,1,3,"Osmancik"
1,1,1,1,4,1,2,"Osmancik"
3,2,1,2,2,3,3,"Osmancik"
1,1,1,1,1,1,3,"Osmancik"
5,5,3,3,2,5,3,"Osmancik"
1,1,1,1,1,1,3,"Osmancik"
1,1,1,1,2,1,3,"Osmancik"
2,1,1,2,1,2,3,"Osmancik"
2,2,2,1,6,2,3,"Osmancik"
1,1,1,1,3,1,3,"Osmancik"
1,1,1,1,1,1,3,"Osmancik"
3,3,2,2,3,3,3,"Osmancik"
2,1,1,2,2,2,3,"Osmancik"
1,1,1,1,3,1,3,"Osmancik"
1,1,1,2,2,1,3,"Osmancik"
5,6,2,3,2,5,3,"Osmancik"
3,2,1,3,1,3,3,"Osmancik"
3,2,1,2,2,2,3,"Osmancik"
3,2,1,2,2,3,3,"Osmancik"
2,1,1,2,1,2,3,"Osmancik"
3,2,1,2,2,3,3,"Osmancik"
1,1,1,1,3,1,3,"Osmancik"
3,3,3,1,6,3,3,"Osmancik"
1,1,1,1,6,1,2,"Osmancik"
1,1,1,2,1,2,3,"Osmancik"
6,5,2,4,1,6,3,"Osmancik"
1,1,1,1,3,1,2,"Osmancik"
1,1,1,1,1,1,3,"Osmancik"
3,2,1,2,3,2,3,"Osmancik"
3,2,2,2,2,3,3,"Osmancik"
3,2,2,2,3,3,3,"Osmancik"
1,1,1,1,3,1,3,"Osmancik"
3,3,2,1,6,2,3,"Osmancik"
5,6,4,3,3,6,3,"Osmancik"
2,2,1,2,1,2,3,"Osmancik"
4,5,4,2,5,4,1,"Osmancik"
3,2,1,2,1,3,3,"Osmancik"
1,1,1,1,5,1,3,"Osmancik"
3,3,2,1,6,2,3,"Osmancik"
1,1,1,1,2,1,3,"Osmancik"
1,1,1,1,3,1,3,"Osmancik"
1,1,1,2,1,1,3,"Osmancik"
1,1,1,2,1,1,3,"Osmancik"
5,6,5,2,5,5,3,"Osmancik"
3,1,1,3,1,3,3,"Osmancik"
2,2,1,2,3,2,3,"Osmancik"
1,1,1,1,6,1,3,"Osmancik"
1,1,1,1,3,1,3,"Osmancik"
3,2,1,3,1,3,3,"Osmancik"
2,1,1,2,1,2,3,"Osmancik"
3,4,2,1,5,3,3,"Osmancik"
3,2,2,2,4,3,3,"Osmancik"
1,1,1,1,5,1,3,"Osmancik"
1,1,1,2,1,1,3,"Osmancik"
1,1,1,1,1,1,3,"Osmancik"
2,1,1,2,1,2,3,"Osmancik"
1,1,1,1,2,1,3,"Osmancik"
3,3,2,2,3,3,3,"Osmancik"
3,3,1,3,1,3,3,"Osmancik"
2,1,1,2,1,2,3,"Osmancik"
3,2,2,2,3,3,3,"Osmancik"
1,1,1,1,2,1,3,"Osmancik"
3,2,1,2,2,2,3,"Osmancik"
3,3,2,2,4,3,3,"Osmancik"
1,1,1,2,1,1,3,"Osmancik"
3,3,1,3,1,3,3,"Osmancik"
1,1,1,2,1,1,3,"Osmancik"
2,2,1,2,3,2,3,"Osmancik"
1,1,1,1,1,1,3,"Osmancik"
1,1,1,1,2,1,3,"Osmancik"
4,3,2,3,1,4,3,"Osmancik"
1,1,1,1,3,1,3,"Osmancik"
1,1,1,1,2,1,3,"Osmancik"
2,1,1,2,2,2,3,"Osmancik"
3,2,1,3,1,3,3,"Osmancik"
1,1,1,1,1,1,3,"Osmancik"
2,3,4,1,6,2,3,"Osmancik"
1,1,1,1,3,1,3,"Osmancik"
1,1,2,1,6,1,3,"Osmancik"
1,1,1,2,2,1,3,"Osmancik"
1,1,1,1,3,1,3,"Osmancik"
4,3,2,3,1,4,3,"Osmancik"
1,1,1,2,1,2,3,"Osmancik"
3,2,1,2,2,3,3,"Osmancik"
1,1,1,2,1,1,3,"Osmancik"
3,3,2,1,6,2,3,"Osmancik"
4,4,2,3,2,4,3,"Osmancik"
3,2,1,2,1,3,3,"Osmancik"
5,4,2,3,2,5,3,"Osmancik"
1,1,1,1,4,1,3,"Osmancik"
5,6,4,2,5,5,2,"Osmancik"
3,2,1,3,1,3,3,"Osmancik"
1,1,1,1,4,1,3,"Osmancik"
1,1,1,2,2,1,3,"Osmancik"
2,3,2,1,6,2,3,"Osmancik"
4,3,2,3,1,4,3,"Osmancik"
1,1,1,2,1,2,3,"Osmancik"
3,3,2,1,5,3,3,"Osmancik"
1,1,1,1,4,1,2,"Osmancik"
1,1,1,1,4,1,3,"Osmancik"
1,1,1,1,2,1,3,"Osmancik"
3,2,1,3,1,3,3,"Osmancik"
1,1,1,1,4,1,3,"Osmancik"
2,1,1,3,1,2,3,"Osmancik"
3,2,1,3,1,3,3,"Osmancik"
1,1,1,2,2,1,3,"Osmancik"
1,1,1,1,2,1,3,"Osmancik"
1,1,1,1,6,1,2,"Osmancik"
4,3,2,3,1,4,3,"Osmancik"
1,1,1,1,1,1,3,"Osmancik"
1,1,1,1,2,1,3,"Osmancik"
1,1,1,1,1,1,3,"Osmancik"
1,1,1,1,2,1,3,"Osmancik"
3,2,1,2,1,3,3,"Osmancik"
4,4,2,3,1,4,3,"Osmancik"
3,2,1,2,2,3,3,"Osmancik"
5,4,1,4,1,5,3,"Osmancik"
1,1,1,1,4,1,3,"Osmancik"
3,4,4,1,6,3,3,"Osmancik"
1,2,2,1,6,1,3,"Osmancik"
1,1,1,2,1,1,3,"Osmancik"
3,2,1,2,1,3,3,"Osmancik"
3,2,1,3,1,3,3,"Osmancik"
1,1,1,2,1,1,3,"Osmancik"
2,1,1,2,3,2,3,"Osmancik"
3,2,1,2,1,3,3,"Osmancik"
2,2,1,2,2,2,3,"Osmancik"
1,1,1,2,2,1,3,"Osmancik"
2,2,2,1,5,2,2,"Osmancik"
3,1,1,3,1,3,3,"Osmancik"
1,1,1,1,4,1,3,"Osmancik"
1,1,1,1,5,1,3,"Osmancik"
1,1,1,2,1,1,3,"Osmancik"
3,1,1,2,1,2,3,"Osmancik"
1,1,1,2,1,1,3,"Osmancik"
4,3,2,3,1,4,3,"Osmancik"
2,1,1,2,2,2,3,"Osmancik"
3,2,1,2,1,3,3,"Osmancik"
1,1,1,3,1,1,3,"Osmancik"
1,1,1,1,5,1,3,"Osmancik"
1,1,1,1,3,1,3,"Osmancik"
2,1,1,2,1,2,3,"Osmancik"
4,6,3,2,5,4,3,"Osmancik"
1,1,1,1,2,1,3,"Osmancik"
3,3,2,2,2,3,3,"Osmancik"
1,1,1,2,1,1,3,"Osmancik"
1,1,1,1,1,1,3,"Osmancik"
3,2,2,1,5,2,3,"Osmancik"
1,1,1,1,2,1,3,"Osmancik"
1,1,1,1,2,1,3,"Osmancik"
3,2,1,3,1,3,3,"Osmancik"
3,2,2,2,4,2,3,"Osmancik"
4,3,2,3,1,3,3,"Osmancik"
2,1,1,2,1,2,3,"Osmancik"
1,1,1,2,1,1,3,"Osmancik"
3,2,1,2,3,3,3,"Osmancik"
5,5,3,3,2,5,3,"Osmancik"
1,1,1,1,2,1,3,"Osmancik"
3,2,1,3,1,3,3,"Osmancik"
1,1,1,1,3,1,3,"Osmancik"
4,2,1,3,1,3,3,"Osmancik"
3,2,1,3,1,3,3,"Osmancik"
1,1,1,2,1,1,3,"Osmancik"
1,1,1,1,6,1,3,"Osmancik"
5,4,2,3,1,5,3,"Osmancik"
2,1,1,3,1,2,3,"Osmancik"
3,2,1,2,1,3,3,"Osmancik"
3,2,1,3,1,3,3,"Osmancik"
1,1,1,1,4,1,3,"Osmancik"
2,1,1,2,2,2,3,"Osmancik"
5,5,5,2,5,5,3,"Osmancik"
3,1,1,2,1,2,3,"Osmancik"
2,2,1,2,3,2,3,"Osmancik"
1,1,1,1,4,1,3,"Osmancik"
3,2,1,2,2,3,3,"Osmancik"
2,1,1,2,1,2,3,"Osmancik"
3,3,3,2,6,3,3,"Osmancik"
2,1,1,2,1,2,3,"Osmancik"
2,1,1,3,1,2,3,"Osmancik"
3,2,2,2,3,3,3,"Osmancik"
1,1,1,1,2,1,3,"Osmancik"
2,1,1,3,1,2,3,"Osmancik"
